{
"pot": true,
"paddingX": 2,
"paddingY": 2,
"edgePadding": true,
"duplicatePadding": false,
"rotation": true,
"minWidth": 16,
"minHeight": 16,
"maxWidth": 1024,
"maxHeight": 1024,
"square": true,
"stripWhitespaceX": false,
"stripWhitespaceY": false,
"alphaThreshold": 0,
"filterMin": "Linear",
"filterMag": "Linear",
"wrapX": "ClampToEdge",
"wrapY": "ClampToEdge",
"format": "RGBA8888",
"alias": true,
"outputFormat": "png",
"jpegQuality": 0.9,
"ignoreBlankImages": true,
"fast": false,
"debug": false,
"silent": false,
"combineSubdirectories": false,
"flattenPaths": false,
"premultiplyAlpha": true,
"useIndexes": false,
"bleed": false,
"limitMemory": false,
"grid": false,
"scale": [ 1 ],
"scaleSuffix": [ "" ],
"atlasExtension": ".atlas"
}