{ "skeleton": { "images": "C:/Users/Administrator/Desktop/images/" },
"bones": [
	{ "name": "root" }
],
"slots": [
	{ "name": "dun1", "bone": "root", "attachment": "dun1" },
	{ "name": "dun2", "bone": "root", "attachment": "dun2" },
	{ "name": "dun3", "bone": "root", "attachment": "dun3" },
	{ "name": "dun4", "bone": "root", "attachment": "dun4" },
	{ "name": "dun5", "bone": "root", "attachment": "dun5" },
	{ "name": "dun6", "bone": "root", "attachment": "dun6" },
	{ "name": "dun7", "bone": "root", "attachment": "dun7" },
	{ "name": "dun8", "bone": "root", "attachment": "dun8" },
	{ "name": "dun9", "bone": "root", "attachment": "dun9" },
	{ "name": "dun10", "bone": "root", "attachment": "dun10" },
	{ "name": "dun11", "bone": "root", "attachment": "dun11" },
	{ "name": "dun12", "bone": "root", "attachment": "dun12" },
	{ "name": "dun13", "bone": "root", "attachment": "dun13" },
	{ "name": "dun14", "bone": "root", "attachment": "dun14" },
	{ "name": "dun15", "bone": "root", "attachment": "dun15" },
	{ "name": "dun16", "bone": "root", "attachment": "dun16" },
	{ "name": "dun17", "bone": "root", "attachment": "dun17" },
	{ "name": "dian1", "bone": "root", "attachment": "dian1" },
	{ "name": "dian2", "bone": "root", "attachment": "dian2" },
	{ "name": "dian3", "bone": "root", "attachment": "dian3" },
	{ "name": "dian4", "bone": "root", "attachment": "dian4" },
	{ "name": "dian5", "bone": "root", "attachment": "dian5" },
	{ "name": "dian6", "bone": "root", "attachment": "dian6" },
	{ "name": "dian7", "bone": "root", "attachment": "dian7" },
	{ "name": "dian8", "bone": "root", "attachment": "dian8" },
	{ "name": "dian9", "bone": "root", "attachment": "dian9" },
	{ "name": "dian10", "bone": "root", "attachment": "dian10" },
	{ "name": "dian11", "bone": "root", "attachment": "dian11" },
	{ "name": "dian12", "bone": "root", "attachment": "dian12" },
	{ "name": "dian13", "bone": "root", "attachment": "dian13" },
	{ "name": "dian14", "bone": "root", "attachment": "dian14" },
	{ "name": "dian15", "bone": "root", "attachment": "dian15" },
	{ "name": "dian16", "bone": "root", "attachment": "dian16" },
	{ "name": "dian17", "bone": "root", "attachment": "dian17" },
	{ "name": "dian18", "bone": "root", "attachment": "dian18" }
],
"skins": {
	"default": {
		"dun1": {
			"dun1": { "x": 251.5, "y": -243, "width": 65, "height": 66 }
		},
		"dun2": {
			"dun2": { "x": 251, "y": -242, "width": 140, "height": 140 }
		},
		"dun3": {
			"dun3": { "x": 250.5, "y": -243.5, "width": 151, "height": 153 }
		},
		"dun4": {
			"dun4": { "x": 250, "y": -242.5, "width": 148, "height": 149 }
		},
		"dun5": {
			"dun5": { "x": 251, "y": -243, "width": 142, "height": 146 }
		},
		"dun6": {
			"dun6": { "x": 251.5, "y": -242.5, "width": 109, "height": 107 }
		},
		"dun7": {
			"dun7": { "x": 251, "y": -242.5, "width": 108, "height": 109 }
		},
		"dun8": {
			"dun8": { "x": 250.5, "y": -242.5, "width": 107, "height": 107 }
		},
		"dun9": {
			"dun9": { "x": 250.5, "y": -242.5, "width": 107, "height": 109 }
		},
		"dun10": {
			"dun10": { "x": 251.5, "y": -242.5, "width": 107, "height": 109 }
		},
		"dun11": {
			"dun11": { "x": 250.5, "y": -242.5, "width": 107, "height": 107 }
		},
		"dun12": {
			"dun12": { "x": 250.5, "y": -243.5, "width": 107, "height": 109 }
		},
		"dun13": {
			"dun13": { "x": 251, "y": -242.5, "width": 106, "height": 107 }
		},
		"dun14": {
			"dun14": { "x": 251, "y": -242.5, "width": 106, "height": 107 }
		},
		"dun15": {
			"dun15": { "x": 251, "y": -242.5, "width": 106, "height": 107 }
		},
		"dun16": {
			"dun16": { "x": 250.5, "y": -242.5, "width": 105, "height": 107 }
		},
		"dun17": {
			"dun17": { "x": 251, "y": -242.5, "width": 106, "height": 107 }
		},
		"dian1": {
			"dian1": { "x": 252, "y": -241, "width": 130, "height": 50 }
		},
		"dian2": {
			"dian2": { "x": 255, "y": -280, "width": 218, "height": 148 }
		},
		"dian3": {
			"dian3": { "x": 254.5, "y": -253, "width": 225, "height": 194 }
		},
		"dian4": {
			"dian4": { "x": 256.5, "y": -252.5, "width": 233, "height": 227 }
		},
		"dian5": {
			"dian5": { "x": 258.5, "y": -253.5, "width": 273, "height": 263 }
		},
		"dian6": {
			"dian6": { "x": 263, "y": -246.5, "width": 310, "height": 293 }
		},
		"dian7": {
			"dian7": { "x": 261.5, "y": -248, "width": 319, "height": 288 }
		},
		"dian8": {
			"dian8": { "x": 262.5, "y": -243, "width": 327, "height": 282 }
		},
		"dian9": {
			"dian9": { "x": 255.5, "y": -255, "width": 305, "height": 278 }
		},
		"dian10": {
			"dian10": { "x": 259, "y": -255.5, "width": 304, "height": 275 }
		},
		"dian11": {
			"dian11": { "x": 259, "y": -256.5, "width": 264, "height": 247 }
		},
		"dian12": {
			"dian12": { "x": 255.5, "y": -233, "width": 243, "height": 248 }
		},
		"dian13": {
			"dian13": { "x": 255.5, "y": -240.5, "width": 245, "height": 229 }
		},
		"dian14": {
			"dian14": { "x": 254.5, "y": -249.5, "width": 247, "height": 211 }
		},
		"dian15": {
			"dian15": { "x": 255, "y": -245, "width": 244, "height": 216 }
		},
		"dian16": {
			"dian16": { "x": 265.5, "y": -243, "width": 211, "height": 186 }
		},
		"dian17": {
			"dian17": { "x": 274, "y": -249.5, "width": 186, "height": 131 }
		},
		"dian18": {
			"dian18": { "x": 222, "y": -239, "width": 64, "height": 100 }
		}
	}
},
"animations": { "animation": {} }
}