{"skeleton":{"hash":"LE0n6muWEKsIJXghQLvyf8cbryE","spine":"3.6.41","width":0,"height":0},"bones":[{"name":"root"},{"name":"objects","parent":"root"},{"name":"basketball","parent":"objects"},{"name":"heap","parent":"root","x":-0.91,"y":80.44},{"name":"body","parent":"heap","length":52.21,"rotation":77.78,"x":3.78,"y":5.04},{"name":"front_shoulder","parent":"body","length":46.42,"rotation":-163.08,"x":47.44,"y":-10.67},{"name":"front_arm","parent":"front_shoulder","length":19.07,"rotation":-37.61,"x":54.19,"y":-2.33},{"name":"head","parent":"body","length":22.36,"rotation":102.26,"x":54.11,"y":4.64},{"name":"head center","parent":"head","x":21.73,"y":-23.63},{"name":"front_eye","parent":"head center","x":-8.51,"y":-14.8},{"name":"front_leg_IK","parent":"root","x":21.77,"y":18.38},{"name":"front_tight","parent":"heap","length":32.46,"rotation":-91.67,"x":10.39,"y":-5.98},{"name":"front_leg","parent":"front_tight","length":22.83,"rotation":29.87,"x":35.92,"y":0.08},{"name":"front_foot","parent":"front_leg","length":16.14,"rotation":-112.78,"x":28.53,"y":-2.8},{"name":"front_hand","parent":"front_arm","length":22.06,"rotation":29.87,"x":21.88,"y":0.46},{"name":"front_weapon","parent":"front_hand","x":-2.16,"y":19.25},{"name":"objects_shadow","parent":"objects"},{"name":"rear_shoulder","parent":"body","length":38.13,"rotation":-169.17,"x":39.54,"y":15.34},{"name":"rear_arm","parent":"rear_shoulder","length":18.4,"rotation":-36.92,"x":50.76,"y":-1.29},{"name":"rear_eye","parent":"head center","x":33.38,"y":-31.51},{"name":"rear_leg_IK","parent":"root","x":4.44,"y":22.16},{"name":"rear_tight","parent":"heap","length":32.5,"rotation":-86.67,"x":-9.13,"y":-5.67},{"name":"rear_leg","parent":"rear_tight","length":20.72,"rotation":24.98,"x":34.74,"y":0.5},{"name":"rear_foot","parent":"rear_leg","length":20.81,"rotation":-115.89,"x":28.14,"y":-1.56},{"name":"rear_hand","parent":"rear_arm","length":18.28,"rotation":40.42,"x":19.89,"y":1.25},{"name":"rear_weapon","parent":"rear_hand","length":39.19,"rotation":-92.12,"x":14.61,"y":-2.51},{"name":"shadow","parent":"root"}],"slots":[{"name":"objects_shadow","bone":"objects_shadow"},{"name":"shadow","bone":"shadow","attachment":"effect/fx_zombie_shadow"},{"name":"rear_shoulder","bone":"rear_shoulder","attachment":"rear_shoulder"},{"name":"rear_arm","bone":"rear_arm","attachment":"rear_arm"},{"name":"rear_weapon","bone":"rear_weapon","attachment":"rear_weapon"},{"name":"rear_hand","bone":"rear_hand","attachment":"rear_hand"},{"name":"rear_tight","bone":"rear_tight","attachment":"rear_tight"},{"name":"rear_leg","bone":"rear_leg","attachment":"rear_leg"},{"name":"rear_foot","bone":"rear_foot","attachment":"rear_foot"},{"name":"front_tight","bone":"front_tight","attachment":"front_tight"},{"name":"front_leg","bone":"front_leg","attachment":"front_leg"},{"name":"front_foot","bone":"front_foot","attachment":"front_foot"},{"name":"body","bone":"body","attachment":"body"},{"name":"head","bone":"head center","attachment":"head"},{"name":"rear_eye","bone":"rear_eye","attachment":"rear_eye"},{"name":"front_eye","bone":"front_eye","attachment":"front_eye"},{"name":"basketball","bone":"basketball"},{"name":"front_weapon","bone":"front_weapon","attachment":"front_weapon"},{"name":"front_shoulder","bone":"front_shoulder","attachment":"front_shoulder"},{"name":"front_arm","bone":"front_arm","attachment":"front_arm"},{"name":"front_hand","bone":"front_hand","attachment":"front_hand"},{"name":"body box","bone":"body","attachment":"body box"},{"name":"head box","bone":"head","attachment":"head box"}],"ik":[{"name":"front_leg_IK","order":0,"bones":["front_tight","front_leg"],"target":"front_leg_IK"},{"name":"rear_leg_IK","order":1,"bones":["rear_tight","rear_leg"],"target":"rear_leg_IK"}],"skins":{"default":{"body box":{"body box":{"type":"boundingbox","vertexCount":5,"vertices":[45.5,20.79,-86.97,15.55,-80.55,-17.48,-73.38,-46.27,51.57,-5.33]}},"head box":{"head box":{"type":"boundingbox","vertexCount":5,"vertices":[4.55,-96.57,70,-25.92,40.37,17.97,1.37,8.65,-41.33,-54.69]}},"objects_shadow":{"effect/fx_zombie_shadow2":{"path":"effect/fx_zombie_shadow","scaleX":0.7,"scaleY":0.9,"width":144,"height":81}},"shadow":{"effect/fx_zombie_shadow":{"scaleX":0.7,"scaleY":0.9,"width":144,"height":81}}},"zombie_basketball":{"basketball":{"basketball":{"name":"zombie_basketball/wpn_basketball","width":72,"height":73}},"body":{"body":{"name":"zombie_basketball/body","x":10.76,"y":8.65,"rotation":-77.78,"width":54,"height":83}},"front_arm":{"front_arm":{"name":"zombie_basketball/front_arm","x":11.15,"y":0.02,"rotation":97.1,"width":22,"height":41}},"front_eye":{"front_eye":{"name":"zombie_basketball/front_eye","rotation":179.96,"width":29,"height":28}},"front_foot":{"front_foot":{"name":"zombie_basketball/front_foot","x":9.75,"y":0.67,"rotation":174.93,"width":48,"height":30}},"front_hand":{"front_hand":{"name":"zombie_basketball/front_hand","x":13.48,"y":5.06,"rotation":93.04,"width":44,"height":45}},"front_leg":{"front_leg":{"name":"zombie_basketball/front_leg","x":11.24,"y":-1.5,"rotation":62.15,"width":26,"height":36}},"front_shoulder":{"front_shoulder":{"name":"zombie_basketball/front_shoulder","x":25.28,"y":0.3,"rotation":61.79,"width":47,"height":70}},"front_tight":{"front_tight":{"name":"zombie_basketball/front_tight","x":15.47,"y":-0.37,"rotation":87.54,"width":32,"height":57}},"front_weapon":{"front_weapon":{"name":"zombie_basketball/wpn_basketball","rotation":93.04,"width":72,"height":73}},"head":{"head":{"name":"zombie_basketball/head","x":-20.06,"y":-26.54,"rotation":179.96,"width":147,"height":150}},"rear_arm":{"rear_arm":{"name":"zombie_basketball/rear_arm","x":11.83,"y":-2.96,"rotation":128.31,"width":33,"height":36}},"rear_eye":{"rear_eye":{"name":"zombie_basketball/rear_eye","rotation":179.96,"width":34,"height":35}},"rear_foot":{"rear_foot":{"name":"zombie_basketball/rear_foot","x":15.79,"y":1.27,"rotation":177.11,"width":48,"height":28}},"rear_hand":{"rear_hand":{"name":"zombie_basketball/rear_hand","x":11.97,"y":-2.62,"rotation":87.9,"width":35,"height":37}},"rear_leg":{"rear_leg":{"name":"zombie_basketball/rear_leg","x":8.93,"y":-2.31,"rotation":61.22,"width":27,"height":35}},"rear_shoulder":{"rear_shoulder":{"name":"zombie_basketball/rear_shoulder","x":24.58,"y":-1.98,"rotation":91.39,"width":23,"height":71}},"rear_tight":{"rear_tight":{"name":"zombie_basketball/rear_tight","x":15.38,"y":0.23,"rotation":86.7,"width":33,"height":55}}},"zombie_bowler":{"body":{"body":{"name":"zombie_bowler/body","x":10.76,"y":8.65,"rotation":-77.78,"width":58,"height":85}},"front_arm":{"front_arm":{"name":"zombie_bowler/front_arm","x":11.15,"y":0.02,"rotation":97.1,"width":24,"height":43}},"front_eye":{"front_eye":{"name":"zombie_bowler/front_eye","rotation":179.96,"width":31,"height":31}},"front_foot":{"front_foot":{"name":"zombie_bowler/front_foot","x":9.75,"y":0.67,"rotation":174.93,"width":50,"height":32}},"front_hand":{"front_hand":{"name":"zombie_bowler/front_hand","x":13.48,"y":5.06,"rotation":93.04,"width":46,"height":39}},"front_leg":{"front_leg":{"name":"zombie_bowler/front_leg","x":11.24,"y":-1.5,"rotation":62.15,"width":28,"height":38}},"front_shoulder":{"front_shoulder":{"name":"zombie_bowler/front_shoulder","x":25.28,"y":0.3,"rotation":61.79,"width":49,"height":72}},"front_tight":{"front_tight":{"name":"zombie_bowler/front_tight","x":15.47,"y":-0.37,"rotation":87.54,"width":34,"height":59}},"front_weapon":{"front_weapon":{"name":"zombie_bowler/wpn_bowl","rotation":93.04,"width":65,"height":64}},"head":{"head":{"name":"zombie_bowler/head","x":-10.95,"y":-20.6,"rotation":179.96,"width":135,"height":138}},"rear_arm":{"rear_arm":{"name":"zombie_bowler/rear_arm","x":11.83,"y":-2.96,"rotation":128.31,"width":35,"height":38}},"rear_eye":{"rear_eye":{"name":"zombie_bowler/rear_eye","rotation":179.96,"width":36,"height":36}},"rear_foot":{"rear_foot":{"name":"zombie_bowler/rear_foot","x":15.79,"y":1.27,"rotation":177.11,"width":50,"height":30}},"rear_hand":{"rear_hand":{"name":"zombie_bowler/rear_hand","x":11.97,"y":-2.62,"rotation":87.9,"width":37,"height":39}},"rear_leg":{"rear_leg":{"name":"zombie_bowler/rear_leg","x":8.93,"y":-2.31,"rotation":61.22,"width":29,"height":37}},"rear_shoulder":{"rear_shoulder":{"name":"zombie_bowler/rear_shoulder","x":24.58,"y":-1.98,"rotation":91.39,"width":25,"height":73}},"rear_tight":{"rear_tight":{"name":"zombie_bowler/rear_tight","x":15.38,"y":0.23,"rotation":86.7,"width":35,"height":57}}},"zombie_poison":{"body":{"body":{"name":"zombie_poison/body","x":10.76,"y":8.65,"rotation":-77.78,"width":68,"height":85}},"front_arm":{"front_arm":{"name":"zombie_poison/front_arm","x":11.15,"y":0.02,"rotation":97.1,"width":24,"height":43}},"front_eye":{"front_eye":{"name":"zombie_bowler/front_eye","rotation":179.96,"width":31,"height":31}},"front_foot":{"front_foot":{"name":"zombie_poison/front_foot","x":9.75,"y":0.67,"rotation":174.93,"width":50,"height":32}},"front_hand":{"front_hand":{"name":"zombie_poison/front_hand","x":13.48,"y":5.06,"rotation":93.04,"width":46,"height":39}},"front_leg":{"front_leg":{"name":"zombie_poison/front_leg","x":11.24,"y":-1.5,"rotation":62.15,"width":28,"height":38}},"front_shoulder":{"front_shoulder":{"name":"zombie_poison/front_shoulder","x":25.28,"y":0.3,"rotation":61.79,"width":50,"height":73}},"front_tight":{"front_tight":{"name":"zombie_poison/front_tight","x":15.47,"y":-0.37,"rotation":87.54,"width":34,"height":59}},"front_weapon":{"front_weapon":{"name":"zombie_poison/zom_wpn_8","x":7.88,"y":-5.78,"rotation":174.03,"width":32,"height":80}},"head":{"head":{"name":"zombie_poison/head","x":-6.14,"y":-13.04,"rotation":179.96,"width":127,"height":138}},"rear_arm":{"rear_arm":{"name":"zombie_poison/rear_arm","x":11.83,"y":-2.96,"rotation":128.31,"width":35,"height":38}},"rear_eye":{"rear_eye":{"name":"zombie_bowler/rear_eye","rotation":179.96,"width":36,"height":36}},"rear_foot":{"rear_foot":{"name":"zombie_poison/rear_foot","x":15.79,"y":1.27,"rotation":177.11,"width":50,"height":30}},"rear_hand":{"rear_hand":{"name":"zombie_poison/rear_hand","x":11.97,"y":-2.62,"rotation":87.9,"width":37,"height":39}},"rear_leg":{"rear_leg":{"name":"zombie_poison/rear_leg","x":8.93,"y":-2.31,"rotation":61.22,"width":29,"height":37}},"rear_shoulder":{"rear_shoulder":{"name":"zombie_poison/rear_shoulder","x":24.58,"y":-1.98,"rotation":91.39,"width":36,"height":80}},"rear_tight":{"rear_tight":{"name":"zombie_poison/rear_tight","x":15.38,"y":0.23,"rotation":86.7,"width":35,"height":57}}},"zombie_spear":{"body":{"body":{"name":"zombie_spear/body","x":18.48,"y":6.1,"rotation":-77.74,"width":59,"height":86}},"front_arm":{"front_arm":{"name":"zombie_spear/front_arm","x":12.63,"y":0.32,"rotation":97.83,"width":25,"height":44}},"front_eye":{"front_eye":{"name":"zombie_spear/front_eye","x":-0.76,"y":-0.06,"rotation":179.98,"width":32,"height":32}},"front_foot":{"front_foot":{"name":"zombie_spear/front_foot","x":10.95,"y":1.71,"rotation":174.52,"width":51,"height":33}},"front_hand":{"front_hand":{"name":"zombie_spear/front_hand","x":14.38,"y":4.02,"rotation":67.81,"width":47,"height":40}},"front_leg":{"front_leg":{"name":"zombie_spear/front_leg","x":8.79,"y":-0.99,"rotation":61.53,"width":29,"height":39}},"front_shoulder":{"front_shoulder":{"name":"zombie_spear/front_shoulder","x":25.38,"y":1.59,"rotation":59.97,"width":50,"height":73}},"front_tight":{"front_tight":{"name":"zombie_spear/front_tight","x":13.66,"y":-1.27,"rotation":91.64,"width":35,"height":60}},"head":{"head":{"name":"zombie_spear/head","x":-10.77,"y":-15.86,"rotation":179.98,"width":133,"height":132}},"rear_arm":{"rear_arm":{"name":"zombie_spear/rear_arm","x":11.91,"y":-0.04,"rotation":128.52,"width":36,"height":39}},"rear_eye":{"rear_eye":{"name":"zombie_spear/rear_eye","x":-0.15,"y":-0.37,"rotation":179.98,"width":37,"height":38}},"rear_foot":{"rear_foot":{"name":"zombie_spear/rear_foot","x":12.7,"y":1.73,"rotation":177.57,"width":51,"height":31}},"rear_hand":{"rear_hand":{"name":"zombie_spear/rear_hand","x":12.36,"y":-2.53,"rotation":87.88,"width":38,"height":40}},"rear_leg":{"rear_leg":{"name":"zombie_spear/rear_leg","x":7.77,"y":-0.94,"rotation":61.46,"width":30,"height":38}},"rear_shoulder":{"rear_shoulder":{"name":"zombie_spear/rear_shoulder","x":22.55,"y":-0.39,"rotation":91.38,"width":26,"height":74}},"rear_tight":{"rear_tight":{"name":"zombie_spear/rear_tight","x":11.99,"y":0.68,"rotation":86.67,"width":36,"height":58}},"rear_weapon":{"rear_weapon":{"name":"weapons/wpn_spear","x":19.99,"y":-0.81,"rotation":-89.67,"width":15,"height":259}}}},"events":{"collision":{},"fx2":{},"no hit frame":{},"shoot":{},"sound":{}},"animations":{"attack basketball":{"slots":{"front_weapon":{"attachment":[{"time":0.5333,"name":null}]},"rear_weapon":{"attachment":[{"time":0,"name":"rear_weapon"}]}},"bones":{"body":{"rotate":[{"time":0,"angle":0},{"time":0.3333,"angle":-6.22},{"time":0.7333,"angle":30.5},{"time":1,"angle":0}]},"head":{"rotate":[{"time":0,"angle":0},{"time":0.3333,"angle":-93.79},{"time":0.7333,"angle":-37.52},{"time":0.8333,"angle":40.67},{"time":1,"angle":0}]},"front_shoulder":{"rotate":[{"time":0,"angle":0},{"time":0.3333,"angle":221.2},{"time":0.5,"angle":214.78},{"time":0.6,"angle":219.14},{"time":0.7333,"angle":0.63},{"time":1,"angle":0}],"translate":[{"time":0,"x":0,"y":0},{"time":0.3333,"x":-1.14,"y":12.82},{"time":0.5,"x":-9.05,"y":6.29},{"time":0.6,"x":0.92,"y":17.56},{"time":1,"x":0,"y":0}]},"front_arm":{"rotate":[{"time":0,"angle":0},{"time":0.3333,"angle":-26.88},{"time":0.5,"angle":-57.02},{"time":0.6,"angle":31.64},{"time":0.7333,"angle":-30.76},{"time":1,"angle":0}]},"front_hand":{"rotate":[{"time":0,"angle":0},{"time":0.3333,"angle":-93.67},{"time":0.6,"angle":-36.09},{"time":1,"angle":0}]},"rear_shoulder":{"rotate":[{"time":0,"angle":0},{"time":0.3333,"angle":228.17},{"time":0.5,"angle":221.77},{"time":0.6,"angle":231.17},{"time":0.7333,"angle":10.63},{"time":1,"angle":0}]},"rear_arm":{"rotate":[{"time":0,"angle":0},{"time":0.3333,"angle":-35.37},{"time":0.5,"angle":-43.97},{"time":0.6,"angle":17.79},{"time":0.7333,"angle":-63.47},{"time":1,"angle":0}]},"rear_hand":{"rotate":[{"time":0,"angle":0},{"time":0.3333,"angle":-74.31},{"time":1,"angle":0}]},"heap":{"translate":[{"time":0,"x":0,"y":0},{"time":0.3333,"x":18.62,"y":-25.54},{"time":0.5,"x":13.96,"y":81.93},{"time":0.6,"x":13.96,"y":90.44},{"time":0.7333,"x":26.07,"y":-23.94},{"time":1,"x":0,"y":0}]},"front_foot":{"rotate":[{"time":0,"angle":0},{"time":0.3333,"angle":-39.05},{"time":0.4,"angle":62.5},{"time":0.5,"angle":52.51},{"time":0.6,"angle":63.42},{"time":0.7333,"angle":-25.82},{"time":1,"angle":0}]},"rear_foot":{"rotate":[{"time":0,"angle":0},{"time":0.3333,"angle":-47.65},{"time":0.4,"angle":52.72},{"time":0.5,"angle":48.46},{"time":0.6667,"angle":66.39},{"time":0.7333,"angle":-29.45},{"time":1,"angle":0}]},"rear_leg_IK":{"translate":[{"time":0,"x":0,"y":0}]},"front_leg_IK":{"translate":[{"time":0,"x":0,"y":0}]}},"events":[{"time":0.5,"name":"shoot","string":"basketball"}]},"attack bottle":{"slots":{"front_weapon":{"color":[{"time":0.4,"color":"ffffffff"},{"time":0.4333,"color":"ffffff00"}]},"rear_weapon":{"attachment":[{"time":0,"name":"rear_weapon"},{"time":1,"name":"rear_weapon"}]}},"bones":{"body":{"rotate":[{"time":0,"angle":0},{"time":0.1667,"angle":29.67},{"time":0.2667,"angle":82.92},{"time":0.3333,"angle":88.03},{"time":0.5,"angle":-2.27},{"time":0.6,"angle":-43.97},{"time":1,"angle":0}]},"head":{"rotate":[{"time":0,"angle":0},{"time":0.2667,"angle":-36.12,"curve":"stepped"},{"time":0.3333,"angle":-36.12},{"time":0.6,"angle":-67.37},{"time":1,"angle":0}]},"front_shoulder":{"rotate":[{"time":0,"angle":0},{"time":0.2667,"angle":29.76,"curve":"stepped"},{"time":0.3333,"angle":29.76},{"time":0.4,"angle":-7.96},{"time":0.6,"angle":186.5},{"time":1,"angle":0}]},"front_arm":{"rotate":[{"time":0,"angle":0},{"time":0.2667,"angle":17.81,"curve":"stepped"},{"time":0.3333,"angle":17.81},{"time":0.6,"angle":-39.85},{"time":1,"angle":0}]},"front_hand":{"rotate":[{"time":0,"angle":0},{"time":0.2667,"angle":-32.74,"curve":"stepped"},{"time":0.3333,"angle":-32.74},{"time":0.6,"angle":-101.59},{"time":1,"angle":0}]},"rear_shoulder":{"rotate":[{"time":0,"angle":0},{"time":0.2667,"angle":254.48,"curve":"stepped"},{"time":0.3333,"angle":254.48},{"time":0.6,"angle":57.44},{"time":1,"angle":0}]},"rear_arm":{"rotate":[{"time":0,"angle":0},{"time":0.2667,"angle":-29.51,"curve":"stepped"},{"time":0.3333,"angle":-29.51},{"time":0.6,"angle":29.34},{"time":1,"angle":0}]},"rear_hand":{"rotate":[{"time":0,"angle":0},{"time":0.2667,"angle":-49.94,"curve":"stepped"},{"time":0.3333,"angle":-49.94},{"time":0.6,"angle":7.19},{"time":1,"angle":0}]},"heap":{"translate":[{"time":0,"x":0,"y":0},{"time":0.1667,"x":-6.83,"y":-19.4,"curve":"stepped"},{"time":0.2667,"x":-6.83,"y":-19.4,"curve":"stepped"},{"time":0.3333,"x":-6.83,"y":-19.4},{"time":0.4333,"x":-7.85,"y":-24.25},{"time":0.6,"x":30.71,"y":-10.04},{"time":1,"x":0,"y":0}]},"front_foot":{"rotate":[{"time":0,"angle":0},{"time":0.1667,"angle":-47.35},{"time":0.4333,"angle":-48.48},{"time":0.5,"angle":-8.54},{"time":1,"angle":0}]},"rear_foot":{"rotate":[{"time":0,"angle":0},{"time":0.1667,"angle":0.91},{"time":0.4333,"angle":-7.89},{"time":0.5,"angle":-7.03},{"time":1,"angle":0}]},"rear_leg_IK":{"translate":[{"time":0,"x":0,"y":0},{"time":0.0667,"x":-22.75,"y":15.92},{"time":0.1667,"x":-39.81,"y":-5.69,"curve":"stepped"},{"time":0.4333,"x":-39.81,"y":-5.69},{"time":0.6,"x":-33.56,"y":34.69},{"time":0.7667,"x":0,"y":0,"curve":"stepped"},{"time":1,"x":0,"y":0}]},"front_leg_IK":{"translate":[{"time":0,"x":0,"y":0},{"time":0.1667,"x":9.1,"y":-4.55},{"time":1,"x":0,"y":0}]}},"events":[{"time":0.2667,"name":"collision"},{"time":0.4,"name":"collision"},{"time":0.4,"name":"shoot","string":"bottle"},{"time":0.6667,"name":"collision"},{"time":1,"name":"collision"}]},"attack bowl":{"slots":{"front_weapon":{"color":[{"time":0.4,"color":"ffffffff"},{"time":0.4333,"color":"ffffff00"}]},"rear_weapon":{"attachment":[{"time":0,"name":"rear_weapon"},{"time":1,"name":"rear_weapon"}]}},"bones":{"body":{"rotate":[{"time":0,"angle":0},{"time":0.1667,"angle":29.67},{"time":0.2667,"angle":82.92},{"time":0.3333,"angle":88.03},{"time":0.5,"angle":-2.27},{"time":0.6,"angle":-43.97},{"time":1,"angle":0}]},"head":{"rotate":[{"time":0,"angle":0},{"time":0.2667,"angle":-36.12,"curve":"stepped"},{"time":0.3333,"angle":-36.12},{"time":0.6,"angle":-67.37},{"time":1,"angle":0}]},"front_shoulder":{"rotate":[{"time":0,"angle":0},{"time":0.2667,"angle":29.76,"curve":"stepped"},{"time":0.3333,"angle":29.76},{"time":0.4,"angle":-7.96},{"time":0.6,"angle":186.5},{"time":1,"angle":0}]},"front_arm":{"rotate":[{"time":0,"angle":0},{"time":0.2667,"angle":17.81,"curve":"stepped"},{"time":0.3333,"angle":17.81},{"time":0.6,"angle":-39.85},{"time":1,"angle":0}]},"front_hand":{"rotate":[{"time":0,"angle":0},{"time":0.2667,"angle":-32.74,"curve":"stepped"},{"time":0.3333,"angle":-32.74},{"time":0.6,"angle":-101.59},{"time":1,"angle":0}]},"rear_shoulder":{"rotate":[{"time":0,"angle":0},{"time":0.2667,"angle":254.48,"curve":"stepped"},{"time":0.3333,"angle":254.48},{"time":0.6,"angle":57.44},{"time":1,"angle":0}]},"rear_arm":{"rotate":[{"time":0,"angle":0},{"time":0.2667,"angle":-29.51,"curve":"stepped"},{"time":0.3333,"angle":-29.51},{"time":0.6,"angle":29.34},{"time":1,"angle":0}]},"rear_hand":{"rotate":[{"time":0,"angle":0},{"time":0.2667,"angle":-49.94,"curve":"stepped"},{"time":0.3333,"angle":-49.94},{"time":0.6,"angle":7.19},{"time":1,"angle":0}]},"heap":{"translate":[{"time":0,"x":0,"y":0},{"time":0.1667,"x":-6.83,"y":-19.4,"curve":"stepped"},{"time":0.2667,"x":-6.83,"y":-19.4,"curve":"stepped"},{"time":0.3333,"x":-6.83,"y":-19.4},{"time":0.4333,"x":-7.85,"y":-24.25},{"time":0.6,"x":30.71,"y":-10.04},{"time":1,"x":0,"y":0}]},"front_foot":{"rotate":[{"time":0,"angle":0},{"time":0.1667,"angle":-47.35},{"time":0.4333,"angle":-48.48},{"time":0.5,"angle":-8.54},{"time":1,"angle":0}]},"rear_foot":{"rotate":[{"time":0,"angle":0},{"time":0.1667,"angle":0.91},{"time":0.4333,"angle":-7.89},{"time":0.5,"angle":-7.03},{"time":1,"angle":0}]},"rear_leg_IK":{"translate":[{"time":0,"x":0,"y":0},{"time":0.0667,"x":-22.75,"y":15.92},{"time":0.1667,"x":-39.81,"y":-5.69,"curve":"stepped"},{"time":0.4333,"x":-39.81,"y":-5.69},{"time":0.6,"x":-33.56,"y":34.69},{"time":0.7667,"x":0,"y":0,"curve":"stepped"},{"time":1,"x":0,"y":0}]},"front_leg_IK":{"translate":[{"time":0,"x":0,"y":0},{"time":0.1667,"x":9.1,"y":-4.55},{"time":1,"x":0,"y":0}]}},"events":[{"time":0.2667,"name":"collision"},{"time":0.4,"name":"collision"},{"time":0.4,"name":"shoot","string":"bowl"},{"time":0.6667,"name":"collision"},{"time":1,"name":"collision"}]},"attack spear":{"slots":{"rear_weapon":{"color":[{"time":0.7333,"color":"ffffff00"}],"attachment":[{"time":0,"name":"rear_weapon"}]}},"bones":{"front_foot":{"rotate":[{"time":0,"angle":0},{"time":0.4667,"angle":-26.87},{"time":0.9667,"angle":-53.25,"curve":"stepped"},{"time":1.6667,"angle":-53.25},{"time":3,"angle":0}]},"front_shoulder":{"rotate":[{"time":0,"angle":0},{"time":0.5333,"angle":234.69},{"time":0.7333,"angle":4.7},{"time":1.6667,"angle":14.7},{"time":3,"angle":0}]},"front_arm":{"rotate":[{"time":0,"angle":0},{"time":0.5333,"angle":-7.73},{"time":1.6667,"angle":22.44},{"time":3,"angle":0}]},"head":{"rotate":[{"time":0,"angle":0},{"time":0.4,"angle":-10.54},{"time":0.5667,"angle":-102.1},{"time":0.8667,"angle":21.98},{"time":3,"angle":0}]},"body":{"rotate":[{"time":0,"angle":0},{"time":0.4667,"angle":-61.35},{"time":0.6667,"angle":49.01},{"time":0.9667,"angle":58.98},{"time":1.6667,"angle":62.26},{"time":3,"angle":0}]},"rear_hand":{"rotate":[{"time":0,"angle":0},{"time":0.4667,"angle":-2.91},{"time":0.7667,"angle":-90.74},{"time":0.9333,"angle":5.93},{"time":3,"angle":0}]},"heap":{"translate":[{"time":0,"x":0,"y":0},{"time":0.4667,"x":8,"y":-10.4},{"time":0.6667,"x":-18.99,"y":-12.89},{"time":0.9667,"x":-26.99,"y":-20.89,"curve":"stepped"},{"time":1.6667,"x":-26.99,"y":-20.89},{"time":3,"x":0,"y":0}]},"front_hand":{"rotate":[{"time":0,"angle":0},{"time":0.5333,"angle":-57.26},{"time":1.6667,"angle":10.83},{"time":3,"angle":0}]},"rear_shoulder":{"rotate":[{"time":0,"angle":0},{"time":0.4,"angle":220.71},{"time":0.4667,"angle":217.09},{"time":0.6667,"angle":170.06},{"time":0.7667,"angle":245.26},{"time":0.8667,"angle":333.82},{"time":0.9667,"angle":-1.93,"curve":"stepped"},{"time":1.6667,"angle":-1.93},{"time":3,"angle":0}]},"rear_arm":{"rotate":[{"time":0,"angle":0},{"time":0.4,"angle":-40.05},{"time":0.4667,"angle":-39.32},{"time":0.6667,"angle":-28.36},{"time":0.7667,"angle":28.02},{"time":0.8667,"angle":-10.64},{"time":3,"angle":0}]},"rear_foot":{"rotate":[{"time":0,"angle":0},{"time":0.9667,"angle":-31.31,"curve":"stepped"},{"time":1.6667,"angle":-31.31},{"time":3,"angle":0}]},"rear_weapon":{"rotate":[{"time":0,"angle":0},{"time":0.2333,"angle":148.38},{"time":0.4,"angle":178.98},{"time":0.5667,"angle":205.21},{"time":0.6667,"angle":229.65},{"time":0.7667,"angle":124.81}]},"rear_leg_IK":{"translate":[{"time":0,"x":0,"y":0},{"time":0.4,"x":-36.38,"y":9.14},{"time":0.4667,"x":-45.98,"y":22.79},{"time":0.6667,"x":-50.33,"y":-1.75,"curve":"stepped"},{"time":0.9667,"x":-50.33,"y":-1.75,"curve":"stepped"},{"time":1.6667,"x":-50.33,"y":-1.75},{"time":3,"x":0,"y":0}]},"shadow":{"translate":[{"time":0.3333,"x":0,"y":0},{"time":0.5,"x":17.65,"y":0},{"time":0.6667,"x":0,"y":0},{"time":0.8333,"x":-41.46,"y":0},{"time":1,"x":-51.89,"y":0,"curve":"stepped"},{"time":1.8,"x":-51.89,"y":0},{"time":3,"x":0,"y":0}],"scale":[{"time":0.3333,"x":1,"y":1},{"time":0.5,"x":1.668,"y":1},{"time":0.6667,"x":1,"y":1},{"time":0.8333,"x":2.049,"y":1},{"time":1,"x":2.228,"y":1,"curve":"stepped"},{"time":1.8,"x":2.228,"y":1},{"time":3,"x":1,"y":1}]}},"events":[{"time":0.7667,"name":"collision"},{"time":0.7667,"name":"shoot","string":"spear"},{"time":2.3333,"name":"collision"},{"time":2.9667,"name":"collision"}]},"dead":{"slots":{"body":{"color":[{"time":1.7,"color":"ffffffff"},{"time":2.7,"color":"ffffff00"}]},"front_arm":{"color":[{"time":1.7,"color":"ffffffff"},{"time":2.7,"color":"ffffff00"}]},"front_eye":{"color":[{"time":1.7,"color":"ffffffff"},{"time":2.7,"color":"ffffff00"}]},"front_foot":{"color":[{"time":1.7,"color":"ffffffff"},{"time":2.7,"color":"ffffff00"}]},"front_hand":{"color":[{"time":1.7,"color":"ffffffff"},{"time":2.7,"color":"ffffff00"}]},"front_leg":{"color":[{"time":1.7,"color":"ffffffff"},{"time":2.7,"color":"ffffff00"}]},"front_shoulder":{"color":[{"time":1.7,"color":"ffffffff"},{"time":2.7,"color":"ffffff00"}]},"front_tight":{"color":[{"time":1.7,"color":"ffffffff"},{"time":2.7,"color":"ffffff00"}]},"head":{"color":[{"time":1.7,"color":"ffffffff"},{"time":2.7,"color":"ffffff00"}]},"rear_arm":{"color":[{"time":1.7,"color":"ffffffff"},{"time":2.7,"color":"ffffff00"}]},"rear_eye":{"color":[{"time":1.7,"color":"ffffffff"},{"time":2.7,"color":"ffffff00"}]},"rear_foot":{"color":[{"time":1.7,"color":"ffffffff"},{"time":2.7,"color":"ffffff00"}]},"rear_hand":{"color":[{"time":1.7,"color":"ffffffff"},{"time":2.7,"color":"ffffff00"}]},"rear_leg":{"color":[{"time":1.7,"color":"ffffffff"},{"time":2.7,"color":"ffffff00"}]},"rear_shoulder":{"color":[{"time":1.7,"color":"ffffffff"},{"time":2.7,"color":"ffffff00"}]},"rear_tight":{"color":[{"time":1.7,"color":"ffffffff"},{"time":2.7,"color":"ffffff00"}]},"rear_weapon":{"color":[{"time":1.7,"color":"ffffffff"},{"time":2.7,"color":"ffffff00"}],"attachment":[{"time":0,"name":"rear_weapon"}]},"shadow":{"color":[{"time":1.7,"color":"ffffffff"},{"time":2.7,"color":"ffffff00"}]}},"bones":{"body":{"rotate":[{"time":0,"angle":0},{"time":0.3667,"angle":-85.66},{"time":0.5333,"angle":-116.85},{"time":0.7,"angle":-85.66},{"time":0.8,"angle":-92.97},{"time":0.9,"angle":-85.66}],"translate":[{"time":0.3667,"x":3.42,"y":-6.41,"curve":"stepped"},{"time":0.7,"x":3.42,"y":-6.41}]},"head":{"rotate":[{"time":0,"angle":0},{"time":0.1333,"angle":-98.16},{"time":0.2667,"angle":23.9},{"time":0.3667,"angle":0}],"translate":[{"time":0.3667,"x":0,"y":0,"curve":[0.276,0,0.621,0.4]},{"time":0.7,"x":34.49,"y":8.95,"curve":[0.333,0.33,0.758,1]},{"time":1.7,"x":193.61,"y":17.92}]},"front_shoulder":{"rotate":[{"time":0,"angle":-20.65},{"time":0.1333,"angle":290.92},{"time":0.3667,"angle":-19.61},{"time":0.5333,"angle":13.12},{"time":0.7,"angle":-19.61},{"time":0.8,"angle":-30.31},{"time":1.0333,"angle":-23.8}]},"front_arm":{"rotate":[{"time":0,"angle":0},{"time":0.1333,"angle":-7.5},{"time":0.5333,"angle":-12.44},{"time":0.8,"angle":59.62},{"time":1.0333,"angle":26}]},"front_hand":{"rotate":[{"time":0,"angle":0},{"time":0.1333,"angle":-52.56},{"time":0.5333,"angle":24.4},{"time":0.8,"angle":-74.15},{"time":1.0333,"angle":-52.6}]},"rear_shoulder":{"rotate":[{"time":0,"angle":0},{"time":0.1333,"angle":308.91},{"time":0.3667,"angle":5.66},{"time":0.5333,"angle":43.44},{"time":0.7,"angle":5.66},{"time":0.8,"angle":-10.06},{"time":1.0333,"angle":3.83}]},"rear_arm":{"rotate":[{"time":0,"angle":0},{"time":0.1333,"angle":-14.66},{"time":0.5333,"angle":-9.81},{"time":0.8,"angle":67.2},{"time":1.0333,"angle":26.33}]},"rear_hand":{"rotate":[{"time":0,"angle":0},{"time":0.1333,"angle":-47.86},{"time":0.5333,"angle":-78.85},{"time":0.8,"angle":-118.02},{"time":1.0333,"angle":-108.09}]},"heap":{"translate":[{"time":0,"x":0,"y":0},{"time":0.1333,"x":66.83,"y":-13.66,"curve":[0.25,0,0.75,1]},{"time":0.3667,"x":105.47,"y":-61.49},{"time":0.5333,"x":101.63,"y":-20.07},{"time":0.7,"x":105.47,"y":-61.49},{"time":0.8,"x":105.47,"y":-53.38},{"time":0.9,"x":105.47,"y":-61.49}]},"front_foot":{"rotate":[{"time":0,"angle":0,"curve":"stepped"},{"time":0.3667,"angle":0,"curve":"stepped"},{"time":0.7,"angle":0}]},"rear_foot":{"rotate":[{"time":0,"angle":0,"curve":"stepped"},{"time":0.3667,"angle":0,"curve":"stepped"},{"time":0.7,"angle":0}]},"rear_leg_IK":{"translate":[{"time":0,"x":0,"y":0},{"time":0.3667,"x":3.42,"y":-20.07},{"time":0.5333,"x":40.57,"y":30.32},{"time":0.6333,"x":66.08,"y":52.41},{"time":0.9,"x":51.67,"y":-2.99}]},"front_leg_IK":{"translate":[{"time":0,"x":0,"y":0},{"time":0.3667,"x":0.85,"y":-16.23},{"time":0.5333,"x":34.59,"y":47.4},{"time":0.6333,"x":32.19,"y":42.38},{"time":1.0333,"x":28.18,"y":-8.11}]},"front_tight":{"translate":[{"time":0,"x":0,"y":0},{"time":0.3667,"x":-15.37,"y":-4.27,"curve":"stepped"},{"time":0.7,"x":-15.37,"y":-4.27}]},"head center":{"rotate":[{"time":0.3667,"angle":0},{"time":0.7,"angle":-90},{"time":1.0333,"angle":180},{"time":1.3667,"angle":90},{"time":1.7,"angle":0}],"translate":[{"time":0.3667,"x":0,"y":0},{"time":0.5333,"x":37.48,"y":-11.92},{"time":0.7,"x":-12.26,"y":-32.28},{"time":0.8667,"x":18.78,"y":-26.9},{"time":1.0333,"x":-11.07,"y":1.7},{"time":1.2,"x":-4.04,"y":-0.11},{"time":1.3667,"x":-10.24,"y":1.49}]},"shadow":{"translate":[{"time":0.3667,"x":109.31,"y":0}],"scale":[{"time":0.3667,"x":1.803,"y":1}]}}},"dead2":{"slots":{"body":{"color":[{"time":3,"color":"ffffffff"},{"time":4,"color":"ffffff00"}]},"front_arm":{"color":[{"time":3,"color":"ffffffff"},{"time":4,"color":"ffffff00"}]},"front_eye":{"color":[{"time":3,"color":"ffffffff"},{"time":4,"color":"ffffff00"}]},"front_foot":{"color":[{"time":3,"color":"ffffffff"},{"time":4,"color":"ffffff00"}]},"front_hand":{"color":[{"time":3,"color":"ffffffff"},{"time":4,"color":"ffffff00"}]},"front_leg":{"color":[{"time":3,"color":"ffffffff"},{"time":4,"color":"ffffff00"}]},"front_shoulder":{"color":[{"time":3,"color":"ffffffff"},{"time":4,"color":"ffffff00"}]},"front_tight":{"color":[{"time":3,"color":"ffffffff"},{"time":4,"color":"ffffff00"}]},"head":{"color":[{"time":3,"color":"ffffffff"},{"time":4,"color":"ffffff00"}]},"rear_arm":{"color":[{"time":3,"color":"ffffffff"},{"time":4,"color":"ffffff00"}]},"rear_eye":{"color":[{"time":3,"color":"ffffffff"},{"time":4,"color":"ffffff00"}]},"rear_foot":{"color":[{"time":3,"color":"ffffffff"},{"time":4,"color":"ffffff00"}]},"rear_hand":{"color":[{"time":3,"color":"ffffffff"},{"time":4,"color":"ffffff00"}]},"rear_leg":{"color":[{"time":3,"color":"ffffffff"},{"time":4,"color":"ffffff00"}]},"rear_shoulder":{"color":[{"time":3,"color":"ffffffff"},{"time":4,"color":"ffffff00"}]},"rear_tight":{"color":[{"time":3,"color":"ffffffff"},{"time":4,"color":"ffffff00"}]},"rear_weapon":{"color":[{"time":3,"color":"ffffffff"},{"time":4,"color":"ffffff00"}],"attachment":[{"time":0,"name":"rear_weapon"}]},"shadow":{"color":[{"time":3,"color":"ffffffff"},{"time":4,"color":"ffffff00"}]}},"bones":{"body":{"rotate":[{"time":0,"angle":0},{"time":0.3333,"angle":-5.87},{"time":1,"angle":22.05},{"time":1.6667,"angle":-85.66},{"time":1.8333,"angle":-116.85},{"time":2,"angle":-85.66},{"time":2.1,"angle":-92.97},{"time":2.2,"angle":-85.66}],"translate":[{"time":1.6667,"x":3.42,"y":-6.41,"curve":"stepped"},{"time":2,"x":3.42,"y":-6.41}]},"head":{"rotate":[{"time":0,"angle":0},{"time":0.3333,"angle":-22.87},{"time":1,"angle":10.06}],"translate":[{"time":1.6667,"x":0,"y":0,"curve":[0.25,0,0.75,1]},{"time":3,"x":193.61,"y":17.92}]},"front_shoulder":{"rotate":[{"time":0,"angle":-20.65},{"time":0.4,"angle":0},{"time":1,"angle":304.83},{"time":1.4333,"angle":290.92},{"time":1.6667,"angle":-19.61},{"time":1.8333,"angle":13.12},{"time":2,"angle":-19.61},{"time":2.1,"angle":-30.31},{"time":2.3333,"angle":-23.8}]},"front_arm":{"rotate":[{"time":0,"angle":0,"curve":"stepped"},{"time":0.4667,"angle":0},{"time":1,"angle":40.36},{"time":1.4333,"angle":-7.5},{"time":1.8333,"angle":-12.44},{"time":2.1,"angle":59.62},{"time":2.3333,"angle":26}]},"front_hand":{"rotate":[{"time":0,"angle":0},{"time":0.5,"angle":-49.24},{"time":1,"angle":-49.28},{"time":1.4333,"angle":-52.56},{"time":1.8333,"angle":24.4},{"time":2.1,"angle":-74.15},{"time":2.3333,"angle":-41.27}]},"rear_shoulder":{"rotate":[{"time":0,"angle":0},{"time":0.4,"angle":25.37},{"time":1,"angle":322.97},{"time":1.4333,"angle":308.91},{"time":1.6667,"angle":5.66},{"time":1.8333,"angle":43.44},{"time":2,"angle":5.66},{"time":2.1,"angle":-10.06},{"time":2.3333,"angle":3.83}]},"rear_arm":{"rotate":[{"time":0,"angle":0},{"time":0.4667,"angle":28.67},{"time":1,"angle":42.17},{"time":1.4333,"angle":-14.66},{"time":1.8333,"angle":-9.81},{"time":2.1,"angle":67.2},{"time":2.3333,"angle":26.33}]},"rear_hand":{"rotate":[{"time":0,"angle":0},{"time":0.5,"angle":-49.63},{"time":1,"angle":-42.77},{"time":1.4333,"angle":1.08},{"time":1.8333,"angle":-78.85},{"time":2.1,"angle":-118.28},{"time":2.3333,"angle":-105.2}]},"heap":{"translate":[{"time":0,"x":0,"y":0},{"time":0.3333,"x":15.8,"y":-2.13,"curve":[0.25,0,0.75,1]},{"time":1,"x":-8.54,"y":-11.1},{"time":1.4333,"x":66.83,"y":-13.66,"curve":[0.25,0,0.75,1]},{"time":1.6667,"x":105.47,"y":-61.49},{"time":1.8333,"x":101.63,"y":-20.07},{"time":2,"x":105.47,"y":-61.49},{"time":2.1,"x":105.47,"y":-53.38},{"time":2.2,"x":105.47,"y":-61.49}]},"front_foot":{"rotate":[{"time":0,"angle":0,"curve":"stepped"},{"time":0.3333,"angle":0},{"time":1,"angle":-39.82},{"time":1.6667,"angle":0,"curve":"stepped"},{"time":2,"angle":0}]},"rear_foot":{"rotate":[{"time":0,"angle":0,"curve":"stepped"},{"time":0.3333,"angle":0},{"time":1,"angle":-39.2},{"time":1.6667,"angle":0,"curve":"stepped"},{"time":2,"angle":0}]},"rear_leg_IK":{"translate":[{"time":0,"x":0,"y":0,"curve":"stepped"},{"time":0.3333,"x":0,"y":0,"curve":"stepped"},{"time":1,"x":0,"y":0},{"time":1.6667,"x":3.42,"y":-20.07},{"time":1.8333,"x":40.57,"y":30.32},{"time":1.9333,"x":66.08,"y":52.41},{"time":2.2,"x":51.67,"y":-2.99}]},"front_leg_IK":{"translate":[{"time":0,"x":0,"y":0,"curve":"stepped"},{"time":0.3333,"x":0,"y":0,"curve":"stepped"},{"time":1,"x":0,"y":0},{"time":1.6667,"x":0.85,"y":-16.23},{"time":1.8333,"x":34.59,"y":47.4},{"time":1.9333,"x":32.19,"y":42.38},{"time":2.3333,"x":28.18,"y":-8.11}]},"front_tight":{"translate":[{"time":0,"x":0,"y":0,"curve":"stepped"},{"time":0.3333,"x":0,"y":0,"curve":"stepped"},{"time":1,"x":0,"y":0},{"time":1.6667,"x":-15.37,"y":-4.27,"curve":"stepped"},{"time":2,"x":-15.37,"y":-4.27}]},"head center":{"rotate":[{"time":1.8333,"angle":0,"curve":[0,0,0.369,0.38]},{"time":2,"angle":14.3}],"translate":[{"time":1.6667,"x":0,"y":0},{"time":1.8333,"x":37.48,"y":-11.92},{"time":2,"x":-10.9,"y":0.55},{"time":2.1667,"x":13.74,"y":-4.7},{"time":2.3333,"x":-11.07,"y":1.7},{"time":2.5,"x":-4.04,"y":-0.11},{"time":2.6667,"x":-10.24,"y":1.49}]},"shadow":{"translate":[{"time":1,"x":0,"y":0},{"time":1.6667,"x":109.31,"y":0}],"scale":[{"time":1,"x":1,"y":1},{"time":1.6667,"x":1.803,"y":1}]}}},"fall long":{"slots":{"rear_weapon":{"attachment":[{"time":0,"name":"rear_weapon"}]}},"bones":{"body":{"rotate":[{"time":0,"angle":0,"curve":"stepped"},{"time":2,"angle":0}]},"head":{"rotate":[{"time":0,"angle":0},{"time":0.3333,"angle":-52.74},{"time":0.4,"angle":-141.21},{"time":0.4667,"angle":-106.36},{"time":0.6667,"angle":-49.63},{"time":0.9,"angle":-110.49},{"time":1.3333,"angle":8.81},{"time":1.8333,"angle":34.67},{"time":2,"angle":0}]},"front_shoulder":{"rotate":[{"time":0,"angle":61.57},{"time":0.3333,"angle":77.29},{"time":0.6667,"angle":337.22},{"time":0.9,"angle":333.93},{"time":1.0333,"angle":318.5},{"time":1.3333,"angle":266.15},{"time":1.4333,"angle":297.71},{"time":2,"angle":0}]},"front_arm":{"rotate":[{"time":0,"angle":0,"curve":"stepped"},{"time":2,"angle":0}]},"front_hand":{"rotate":[{"time":0,"angle":0,"curve":"stepped"},{"time":2,"angle":0}]},"rear_shoulder":{"rotate":[{"time":0,"angle":0},{"time":0.2333,"angle":256.28},{"time":0.3667,"angle":39.54},{"time":0.6667,"angle":2.53,"curve":"stepped"},{"time":0.9,"angle":2.53},{"time":1,"angle":329.09},{"time":1.3333,"angle":268.68},{"time":2,"angle":0}]},"rear_arm":{"rotate":[{"time":0,"angle":0,"curve":"stepped"},{"time":2,"angle":0}]},"rear_hand":{"rotate":[{"time":0,"angle":0,"curve":"stepped"},{"time":2,"angle":0}]},"heap":{"rotate":[{"time":0,"angle":-95.15},{"time":0.1667,"angle":3.17},{"time":0.3333,"angle":97.15},{"time":0.4,"angle":159.57},{"time":0.4667,"angle":115.92},{"time":0.6667,"angle":112.42,"curve":"stepped"},{"time":0.9,"angle":112.42,"curve":"stepped"},{"time":1.3333,"angle":112.42},{"time":1.8333,"angle":42.57},{"time":2,"angle":2.09}],"translate":[{"time":0,"x":0,"y":0},{"time":0.3333,"x":0,"y":-60.76},{"time":0.4,"x":0,"y":-19.88},{"time":0.4667,"x":0,"y":-56.93},{"time":0.6667,"x":0,"y":-65.87,"curve":"stepped"},{"time":0.9,"x":0,"y":-65.87},{"time":1.3333,"x":0,"y":-14.77},{"time":1.8333,"x":0,"y":-0.72},{"time":2,"x":0,"y":0}]},"front_foot":{"rotate":[{"time":0,"angle":0,"curve":"stepped"},{"time":2,"angle":0}]},"rear_foot":{"rotate":[{"time":0,"angle":0,"curve":"stepped"},{"time":2,"angle":0}]},"rear_leg_IK":{"translate":[{"time":0,"x":-43.44,"y":103.48},{"time":0.1667,"x":-71.61,"y":-16.18},{"time":0.3333,"x":122.5,"y":81.34},{"time":0.4,"x":12.63,"y":86.45},{"time":0.6667,"x":54.79,"y":-11.92,"curve":"stepped"},{"time":0.9,"x":54.79,"y":-11.92},{"time":1.3333,"x":-16.75,"y":-2.98},{"time":1.5,"x":-19.35,"y":-1.92},{"time":1.8333,"x":-18.51,"y":-2.19},{"time":2,"x":0,"y":0}]},"front_leg_IK":{"translate":[{"time":0,"x":-137.97,"y":66.43},{"time":0.1667,"x":-39.69,"y":-28.61},{"time":0.3333,"x":63.7,"y":83.3},{"time":0.4,"x":-38.5,"y":97.35},{"time":0.6667,"x":28.83,"y":-9.97,"curve":"stepped"},{"time":0.9,"x":28.83,"y":-9.97},{"time":1,"x":12.6,"y":-4.85},{"time":1.3333,"x":3.66,"y":-4.85},{"time":2,"x":0,"y":0}]},"root":{"translate":[{"time":0,"x":360,"y":480},{"time":0.3333,"x":60,"y":0,"curve":[0,0,0.484,1]},{"time":0.6667,"x":0,"y":0,"curve":"stepped"},{"time":0.9,"x":0,"y":0,"curve":"stepped"},{"time":2,"x":0,"y":0}]},"shadow":{"translate":[{"time":0,"x":0,"y":-600},{"time":0.3333,"x":0,"y":0,"curve":"stepped"},{"time":2,"x":0,"y":0}],"scale":[{"time":2,"x":1,"y":1}]}},"events":[{"time":0,"name":"no hit frame","int":30},{"time":0.3,"name":"fx2","string":"fx/fx_fall_smoke.ccbi"},{"time":0.3333,"name":"sound","string":"snd_falldown"}]},"hit":{"slots":{"rear_weapon":{"attachment":[{"time":0,"name":"rear_weapon"}]}},"bones":{"front_hand":{"rotate":[{"time":0,"angle":0,"curve":"stepped"},{"time":0.6333,"angle":0}]},"front_shoulder":{"rotate":[{"time":0,"angle":0},{"time":0.0667,"angle":281.11},{"time":0.6333,"angle":0}]},"front_arm":{"rotate":[{"time":0,"angle":0,"curve":"stepped"},{"time":0.6333,"angle":0}]},"head":{"rotate":[{"time":0,"angle":0},{"time":0.0333,"angle":-54.23},{"time":0.1333,"angle":-80},{"time":0.6333,"angle":0}]},"body":{"rotate":[{"time":0,"angle":0},{"time":0.1333,"angle":-58.79},{"time":0.6333,"angle":0}]},"rear_hand":{"rotate":[{"time":0,"angle":0,"curve":"stepped"},{"time":0.6333,"angle":0}]},"heap":{"translate":[{"time":0,"x":0,"y":0},{"time":0.0667,"x":33.15,"y":-11.74},{"time":0.6333,"x":0,"y":0}]},"front_foot":{"rotate":[{"time":0,"angle":0,"curve":"stepped"},{"time":0.6333,"angle":0}]},"rear_shoulder":{"rotate":[{"time":0,"angle":0},{"time":0.0667,"angle":341.22},{"time":0.6333,"angle":0}]},"rear_arm":{"rotate":[{"time":0,"angle":0,"curve":"stepped"},{"time":0.6333,"angle":0}]},"rear_foot":{"rotate":[{"time":0,"angle":0,"curve":"stepped"},{"time":0.6333,"angle":0}]},"rear_leg_IK":{"translate":[{"time":0,"x":0,"y":0},{"time":0.0667,"x":-31.92,"y":48.26},{"time":0.6333,"x":0,"y":0}]},"front_eye":{"translate":[{"time":0.0667,"x":0,"y":0},{"time":0.1667,"x":-6.26,"y":-6.45},{"time":0.3333,"x":0,"y":0}]},"rear_eye":{"translate":[{"time":0.0667,"x":0,"y":0},{"time":0.1667,"x":-6.47,"y":-8.97},{"time":0.4333,"x":0,"y":0}]}}},"hit2":{"slots":{"rear_weapon":{"attachment":[{"time":0,"name":"rear_weapon"}]}},"bones":{"body":{"rotate":[{"time":0,"angle":0},{"time":0.0667,"angle":49.94},{"time":0.4,"angle":-2.27},{"time":0.9,"angle":0}]},"head":{"rotate":[{"time":0,"angle":0},{"time":0.0667,"angle":3.08},{"time":0.1333,"angle":3.63},{"time":0.5,"angle":-8.76},{"time":0.9,"angle":0}],"translate":[{"time":0.0667,"x":-11.97,"y":5.9}]},"front_shoulder":{"rotate":[{"time":0,"angle":0},{"time":0.0667,"angle":298.14},{"time":0.3,"angle":-7.96},{"time":0.9,"angle":0}]},"front_arm":{"rotate":[{"time":0,"angle":0},{"time":0.0667,"angle":-79.23},{"time":0.5,"angle":-10.55},{"time":0.9,"angle":0}]},"front_hand":{"rotate":[{"time":0,"angle":0},{"time":0.0667,"angle":52.13},{"time":0.5,"angle":-15.9},{"time":0.9,"angle":0}]},"rear_shoulder":{"rotate":[{"time":0,"angle":0},{"time":0.0667,"angle":313.25},{"time":0.5,"angle":-6.57},{"time":0.9,"angle":0}]},"rear_arm":{"rotate":[{"time":0,"angle":0},{"time":0.0667,"angle":-75.21},{"time":0.5,"angle":-8.45},{"time":0.9,"angle":0}]},"rear_hand":{"rotate":[{"time":0,"angle":0},{"time":0.5,"angle":-6.35},{"time":0.9,"angle":0}]},"heap":{"translate":[{"time":0,"x":0,"y":0},{"time":0.0667,"x":44.84,"y":-15.15},{"time":0.4,"x":0,"y":-1.89},{"time":0.9,"x":0,"y":0}]},"front_foot":{"rotate":[{"time":0,"angle":0},{"time":0.0667,"angle":-27.51},{"time":0.4,"angle":-8.54},{"time":0.9,"angle":0}]},"rear_foot":{"rotate":[{"time":0,"angle":0},{"time":0.0667,"angle":-31.48},{"time":0.4,"angle":-7.03},{"time":0.9,"angle":0}]},"rear_leg_IK":{"translate":[{"time":0,"x":0,"y":0}]},"front_leg_IK":{"translate":[{"time":0,"x":0,"y":0}]},"front_eye":{"translate":[{"time":0,"x":0,"y":0}],"scale":[{"time":0,"x":1,"y":1},{"time":0.0667,"x":1.467,"y":1.467,"curve":"stepped"},{"time":0.2333,"x":1.467,"y":1.467},{"time":0.4,"x":1,"y":1}]},"rear_eye":{"translate":[{"time":0,"x":0,"y":0},{"time":0.0667,"x":4.75,"y":-3.58},{"time":0.2333,"x":0,"y":0}],"scale":[{"time":0,"x":1,"y":1},{"time":0.0667,"x":1.312,"y":1.312,"curve":"stepped"},{"time":0.2333,"x":1.312,"y":1.312},{"time":0.4,"x":1,"y":1}]},"root":{"translate":[{"time":0,"x":0,"y":0},{"time":0.0333,"x":52.84,"y":0},{"time":0.1667,"x":0,"y":0}]}}},"hit3":{"slots":{"rear_weapon":{"attachment":[{"time":0,"name":"rear_weapon"}]}},"bones":{"front_hand":{"rotate":[{"time":0,"angle":0,"curve":"stepped"},{"time":0.6333,"angle":0}]},"front_shoulder":{"rotate":[{"time":0,"angle":0},{"time":0.0667,"angle":281.11},{"time":0.6333,"angle":0}]},"front_arm":{"rotate":[{"time":0,"angle":0,"curve":"stepped"},{"time":0.6333,"angle":0}]},"head":{"rotate":[{"time":0,"angle":0},{"time":0.0333,"angle":-54.23},{"time":0.1333,"angle":-44.99},{"time":0.6333,"angle":0}]},"body":{"rotate":[{"time":0,"angle":0},{"time":0.1333,"angle":-82.15},{"time":0.6333,"angle":0}]},"rear_hand":{"rotate":[{"time":0,"angle":0,"curve":"stepped"},{"time":0.6333,"angle":0}]},"heap":{"translate":[{"time":0,"x":0,"y":0},{"time":0.0667,"x":33.15,"y":-11.74},{"time":0.1333,"x":46.5,"y":-26.43},{"time":0.6333,"x":0,"y":0}]},"front_foot":{"rotate":[{"time":0,"angle":0},{"time":0.1667,"angle":44.8},{"time":0.5,"angle":-22.76},{"time":0.6333,"angle":0}]},"rear_shoulder":{"rotate":[{"time":0,"angle":0},{"time":0.0667,"angle":341.22},{"time":0.6333,"angle":0}]},"rear_arm":{"rotate":[{"time":0,"angle":0,"curve":"stepped"},{"time":0.6333,"angle":0}]},"rear_foot":{"rotate":[{"time":0,"angle":0,"curve":"stepped"},{"time":0.6333,"angle":0}]},"rear_leg_IK":{"translate":[{"time":0,"x":0,"y":0},{"time":0.0667,"x":-31.92,"y":48.26},{"time":0.5,"x":-21.2,"y":3.62},{"time":0.6333,"x":0,"y":0}]},"front_eye":{"translate":[{"time":0.0667,"x":0,"y":0},{"time":0.1667,"x":-6.26,"y":-6.45},{"time":0.3333,"x":0,"y":0}]},"rear_eye":{"translate":[{"time":0.0667,"x":0,"y":0},{"time":0.1667,"x":-6.47,"y":-8.97},{"time":0.4333,"x":0,"y":0}]},"root":{"translate":[{"time":0,"x":0,"y":0},{"time":0.0667,"x":70.92,"y":0,"curve":"stepped"},{"time":0.1667,"x":70.92,"y":0},{"time":0.6333,"x":0,"y":0}]},"front_leg_IK":{"translate":[{"time":0,"x":0,"y":0},{"time":0.0667,"x":-47,"y":-14.87},{"time":0.1333,"x":-22.61,"y":-4.76},{"time":0.3333,"x":-5.95,"y":0.59},{"time":0.4333,"x":9.28,"y":4.28},{"time":0.5333,"x":17.85,"y":7.73},{"time":0.6333,"x":0,"y":0}]}}},"hit black":{"slots":{"body":{"color":[{"time":0,"color":"000000ff","curve":"stepped"},{"time":0.2,"color":"000000ff"},{"time":0.7667,"color":"ffffffff"}]},"front_arm":{"color":[{"time":0,"color":"000000ff","curve":"stepped"},{"time":0.2,"color":"000000ff"},{"time":0.7667,"color":"ffffffff"}]},"front_foot":{"color":[{"time":0,"color":"000000ff","curve":"stepped"},{"time":0.2,"color":"000000ff"},{"time":0.7667,"color":"ffffffff"}]},"front_hand":{"color":[{"time":0,"color":"000000ff","curve":"stepped"},{"time":0.2,"color":"000000ff"},{"time":0.7667,"color":"ffffffff"}]},"front_leg":{"color":[{"time":0,"color":"000000ff","curve":"stepped"},{"time":0.2,"color":"000000ff"},{"time":0.7667,"color":"ffffffff"}]},"front_shoulder":{"color":[{"time":0,"color":"000000ff","curve":"stepped"},{"time":0.2,"color":"000000ff"},{"time":0.7667,"color":"ffffffff"}]},"front_tight":{"color":[{"time":0,"color":"000000ff","curve":"stepped"},{"time":0.2,"color":"000000ff"},{"time":0.7667,"color":"ffffffff"}]},"head":{"color":[{"time":0,"color":"000000ff","curve":"stepped"},{"time":0.2,"color":"000000ff"},{"time":0.7667,"color":"ffffffff"}]},"rear_arm":{"color":[{"time":0,"color":"000000ff","curve":"stepped"},{"time":0.2,"color":"000000ff"},{"time":0.7667,"color":"ffffffff"}]},"rear_foot":{"color":[{"time":0,"color":"000000ff","curve":"stepped"},{"time":0.2,"color":"000000ff"},{"time":0.7667,"color":"ffffffff"}]},"rear_hand":{"color":[{"time":0,"color":"000000ff","curve":"stepped"},{"time":0.2,"color":"000000ff"},{"time":0.7667,"color":"ffffffff"}]},"rear_leg":{"color":[{"time":0,"color":"000000ff","curve":"stepped"},{"time":0.2,"color":"000000ff"},{"time":0.7667,"color":"ffffffff"}]},"rear_shoulder":{"color":[{"time":0,"color":"000000ff","curve":"stepped"},{"time":0.2,"color":"000000ff"},{"time":0.7667,"color":"ffffffff"}]},"rear_tight":{"color":[{"time":0,"color":"000000ff","curve":"stepped"},{"time":0.2,"color":"000000ff"},{"time":0.7667,"color":"ffffffff"}]},"rear_weapon":{"color":[{"time":0,"color":"000000ff","curve":"stepped"},{"time":0.2,"color":"000000ff"},{"time":0.7667,"color":"ffffffff"}],"attachment":[{"time":0,"name":"rear_weapon"}]}},"bones":{"front_hand":{"rotate":[{"time":0,"angle":0,"curve":"stepped"},{"time":0.7667,"angle":0}]},"front_shoulder":{"rotate":[{"time":0,"angle":0},{"time":0.1333,"angle":281.11},{"time":0.7667,"angle":0}]},"front_arm":{"rotate":[{"time":0,"angle":0,"curve":"stepped"},{"time":0.7667,"angle":0}]},"head":{"rotate":[{"time":0,"angle":0},{"time":0.1,"angle":-54.23},{"time":0.7667,"angle":0}]},"body":{"rotate":[{"time":0,"angle":0},{"time":0.2,"angle":-29.57},{"time":0.7667,"angle":0}]},"rear_hand":{"rotate":[{"time":0,"angle":0,"curve":"stepped"},{"time":0.7667,"angle":0}]},"heap":{"translate":[{"time":0,"x":0,"y":0},{"time":0.1333,"x":28.39,"y":-5.2},{"time":0.7667,"x":0,"y":0}]},"front_foot":{"rotate":[{"time":0,"angle":0,"curve":"stepped"},{"time":0.7667,"angle":0}]},"rear_shoulder":{"rotate":[{"time":0,"angle":0},{"time":0.1333,"angle":341.22},{"time":0.7667,"angle":0}]},"rear_arm":{"rotate":[{"time":0,"angle":0,"curve":"stepped"},{"time":0.7667,"angle":0}]},"rear_foot":{"rotate":[{"time":0,"angle":0,"curve":"stepped"},{"time":0.7667,"angle":0}]},"rear_leg_IK":{"translate":[{"time":0,"x":0,"y":0},{"time":0.1333,"x":-23.59,"y":8.4},{"time":0.7667,"x":0,"y":0}]},"front_eye":{"translate":[{"time":0.1333,"x":0,"y":0},{"time":0.2667,"x":-6.26,"y":-6.45},{"time":0.4667,"x":0,"y":0}]},"rear_eye":{"translate":[{"time":0.1333,"x":0,"y":0},{"time":0.2667,"x":-6.47,"y":-8.97},{"time":0.5667,"x":0,"y":0}]}}},"idle":{"slots":{"rear_weapon":{"attachment":[{"time":0,"name":"rear_weapon"}]}},"bones":{"body":{"rotate":[{"time":0,"angle":0},{"time":0.5,"angle":-2.27},{"time":1,"angle":0}]},"head":{"rotate":[{"time":0,"angle":0},{"time":0.1,"angle":3.08},{"time":0.6,"angle":-8.76},{"time":1,"angle":0}]},"front_shoulder":{"rotate":[{"time":0,"angle":0},{"time":0.4,"angle":-7.96},{"time":1,"angle":0}]},"front_arm":{"rotate":[{"time":0,"angle":0},{"time":0.6,"angle":-10.55},{"time":1,"angle":0}]},"front_hand":{"rotate":[{"time":0,"angle":0},{"time":0.6,"angle":-15.9},{"time":1,"angle":0}]},"rear_shoulder":{"rotate":[{"time":0,"angle":0},{"time":0.6,"angle":-6.57},{"time":1,"angle":0}]},"rear_arm":{"rotate":[{"time":0,"angle":0},{"time":0.6,"angle":-8.45},{"time":1,"angle":0}]},"rear_hand":{"rotate":[{"time":0,"angle":0},{"time":0.6,"angle":-6.35},{"time":1,"angle":0}]},"heap":{"translate":[{"time":0,"x":0,"y":0},{"time":0.5,"x":0,"y":-1.89},{"time":1,"x":0,"y":0}]},"front_foot":{"rotate":[{"time":0,"angle":0},{"time":0.5,"angle":-8.54},{"time":1,"angle":0}]},"rear_foot":{"rotate":[{"time":0,"angle":0},{"time":0.5,"angle":-7.03},{"time":1,"angle":0}]},"rear_leg_IK":{"translate":[{"time":0,"x":0,"y":0}]},"front_leg_IK":{"translate":[{"time":0,"x":0,"y":0}]}}},"walk":{"slots":{"rear_weapon":{"attachment":[{"time":0,"name":"rear_weapon"}]}},"bones":{"rear_leg_IK":{"translate":[{"time":0,"x":-21.97,"y":-0.97},{"time":0.2667,"x":1.26,"y":-3.57},{"time":0.5,"x":11.65,"y":6.93},{"time":0.7667,"x":4.09,"y":13.02},{"time":1,"x":-21.97,"y":-0.97}]},"front_leg_IK":{"translate":[{"time":0,"x":8.19,"y":5.04},{"time":0.2667,"x":-9.7,"y":12.14},{"time":0.5,"x":-34.52,"y":1.43},{"time":0.7667,"x":-12.66,"y":-2.06},{"time":1,"x":8.19,"y":5.04}]},"body":{"rotate":[{"time":0,"angle":13.13},{"time":0.1,"angle":-4.34},{"time":0.5,"angle":13.13},{"time":0.6,"angle":31.42},{"time":1,"angle":13.13}]},"front_shoulder":{"rotate":[{"time":0,"angle":305.4},{"time":0.0667,"angle":297.49},{"time":0.5,"angle":-6.68},{"time":1,"angle":305.4}]},"front_arm":{"rotate":[{"time":0,"angle":-17.68},{"time":0.0667,"angle":-25.39},{"time":0.5,"angle":7.91},{"time":1,"angle":-17.68}]},"front_hand":{"rotate":[{"time":0,"angle":-12.48},{"time":0.0667,"angle":-35.12},{"time":0.5,"angle":11.39},{"time":1,"angle":-12.48}]},"rear_shoulder":{"rotate":[{"time":0,"angle":20.47},{"time":0.5,"angle":323.38},{"time":1,"angle":20.47}]},"rear_arm":{"rotate":[{"time":0,"angle":21.3},{"time":0.5,"angle":4.67},{"time":1,"angle":21.3}]},"rear_hand":{"rotate":[{"time":0,"angle":-22.97},{"time":0.5,"angle":-14.04},{"time":1,"angle":-22.97}]},"rear_tight":{"translate":[{"time":0,"x":0,"y":0},{"time":0.5,"x":5.04,"y":0},{"time":1,"x":0,"y":0}]},"front_tight":{"translate":[{"time":0,"x":0,"y":0},{"time":0.5,"x":-5.04,"y":0},{"time":1,"x":0,"y":0}]},"head":{"rotate":[{"time":0,"angle":-11.79},{"time":0.1667,"angle":-33.33},{"time":0.5,"angle":-17.68},{"time":0.6667,"angle":-2.85},{"time":1,"angle":-11.79}],"translate":[{"time":0,"x":0,"y":0},{"time":0.1,"x":-4.83,"y":3.73},{"time":0.5,"x":0,"y":0},{"time":0.6,"x":-4.78,"y":3.07},{"time":1,"x":0,"y":0}]},"heap":{"translate":[{"time":0,"x":0,"y":0},{"time":0.1,"x":0,"y":-5.67},{"time":0.5,"x":0,"y":0},{"time":0.5667,"x":0,"y":-4.41},{"time":1,"x":0,"y":0}]},"rear_foot":{"rotate":[{"time":0,"angle":0},{"time":0.1,"angle":-11.25},{"time":0.2667,"angle":0.91},{"time":1,"angle":0}]},"rear_eye":{"translate":[{"time":0,"x":0,"y":0},{"time":0.1,"x":0.37,"y":3.98},{"time":0.5,"x":0,"y":0},{"time":0.6,"x":3.74,"y":1.74},{"time":1,"x":0,"y":0}]},"front_eye":{"translate":[{"time":0,"x":0,"y":0},{"time":0.1,"x":0.28,"y":2.99},{"time":0.5,"x":0,"y":0},{"time":0.6,"x":-0.57,"y":2.95},{"time":1,"x":0,"y":0}]}}},"walk basketball":{"slots":{"basketball":{"attachment":[{"time":0,"name":"basketball"}]},"front_weapon":{"attachment":[{"time":0,"name":null}]},"objects_shadow":{"attachment":[{"time":0,"name":"effect/fx_zombie_shadow2"}]},"rear_weapon":{"attachment":[{"time":0,"name":"rear_weapon"}]}},"bones":{"rear_leg_IK":{"translate":[{"time":0,"x":-21.97,"y":-0.97},{"time":0.2667,"x":1.26,"y":-3.57},{"time":0.5,"x":11.65,"y":6.93},{"time":0.7667,"x":4.09,"y":13.02},{"time":1,"x":-21.97,"y":-0.97}]},"front_leg_IK":{"translate":[{"time":0,"x":8.19,"y":5.04},{"time":0.2667,"x":-9.7,"y":12.14},{"time":0.5,"x":-34.52,"y":1.43},{"time":0.7667,"x":-12.66,"y":-2.06},{"time":1,"x":8.19,"y":5.04}]},"body":{"rotate":[{"time":0,"angle":13.13},{"time":0.1,"angle":-4.34},{"time":0.5,"angle":13.13},{"time":0.6,"angle":13.96},{"time":1,"angle":13.13}]},"front_shoulder":{"rotate":[{"time":0,"angle":305.4},{"time":0.1,"angle":313.15},{"time":0.2333,"angle":288.06},{"time":0.5,"angle":289.49},{"time":0.6,"angle":305.37},{"time":0.7333,"angle":274.87},{"time":1,"angle":305.4}],"translate":[{"time":0,"x":-16.95,"y":13.56},{"time":0.5,"x":-9.79,"y":11.26},{"time":1,"x":-16.95,"y":13.56}]},"front_arm":{"rotate":[{"time":0,"angle":-17.68},{"time":0.1,"angle":8.54},{"time":0.2333,"angle":-41.15},{"time":0.5,"angle":26.67},{"time":0.6,"angle":2.46},{"time":0.7333,"angle":-68.98},{"time":1,"angle":-17.68}]},"front_hand":{"rotate":[{"time":0,"angle":-68.56},{"time":0.1,"angle":-52.83},{"time":0.2333,"angle":-20.32},{"time":0.5,"angle":-82.45},{"time":0.6,"angle":-96.05},{"time":0.7333,"angle":10.86},{"time":1,"angle":-68.56}]},"rear_shoulder":{"rotate":[{"time":0,"angle":20.47},{"time":0.5,"angle":323.38},{"time":1,"angle":20.47}]},"rear_arm":{"rotate":[{"time":0,"angle":21.3},{"time":0.5,"angle":4.67},{"time":1,"angle":21.3}]},"rear_hand":{"rotate":[{"time":0,"angle":-22.97},{"time":0.5,"angle":-14.04},{"time":1,"angle":-22.97}]},"rear_tight":{"translate":[{"time":0,"x":0,"y":0},{"time":0.5,"x":5.04,"y":0},{"time":1,"x":0,"y":0}]},"front_tight":{"translate":[{"time":0,"x":0,"y":0},{"time":0.5,"x":-5.04,"y":0},{"time":1,"x":0,"y":0}]},"head":{"rotate":[{"time":0,"angle":-11.79},{"time":0.1667,"angle":-33.33},{"time":0.5,"angle":-17.68},{"time":0.6667,"angle":-2.85},{"time":1,"angle":-11.79}],"translate":[{"time":0,"x":0,"y":0},{"time":0.1,"x":-4.83,"y":3.73},{"time":0.5,"x":0,"y":0},{"time":0.6,"x":-4.78,"y":3.07},{"time":1,"x":0,"y":0}]},"heap":{"rotate":[{"time":0,"angle":25}],"translate":[{"time":0,"x":0,"y":-10},{"time":0.1,"x":0,"y":-5.67},{"time":0.5,"x":0,"y":0},{"time":0.5667,"x":0,"y":-14.41},{"time":1,"x":0,"y":-10}]},"rear_foot":{"rotate":[{"time":0,"angle":0},{"time":0.1,"angle":-11.25},{"time":0.2667,"angle":0.91},{"time":1,"angle":0}]},"rear_eye":{"translate":[{"time":0,"x":0,"y":0},{"time":0.1,"x":0.37,"y":3.98},{"time":0.5,"x":0,"y":0},{"time":0.6,"x":3.74,"y":1.74},{"time":1,"x":0,"y":0}]},"front_eye":{"translate":[{"time":0,"x":0,"y":0},{"time":0.1,"x":0.28,"y":2.99},{"time":0.5,"x":0,"y":0},{"time":0.6,"x":-0.57,"y":2.95},{"time":1,"x":0,"y":0}]},"basketball":{"translate":[{"time":0,"x":-70,"y":10},{"time":0.1,"x":-70,"y":6},{"time":0.2667,"x":-70,"y":60},{"time":0.5,"x":-70,"y":10},{"time":0.6,"x":-70,"y":5},{"time":0.7333,"x":-70,"y":60},{"time":1,"x":-70,"y":10}],"scale":[{"time":0,"x":1,"y":1},{"time":0.1,"x":1.149,"y":0.883},{"time":0.1667,"x":1,"y":1,"curve":"stepped"},{"time":0.5,"x":1,"y":1},{"time":0.6,"x":1.112,"y":0.803},{"time":0.6667,"x":1,"y":1}]},"objects_shadow":{"translate":[{"time":0,"x":-69.57,"y":-17.01}],"scale":[{"time":0,"x":0.63,"y":0.63},{"time":0.3,"x":0.442,"y":0.442},{"time":0.5,"x":0.63,"y":0.63},{"time":0.7667,"x":0.442,"y":0.442},{"time":1,"x":0.63,"y":0.63}]}}}}}