{"skeleton":{"hash":"g4GxwMMR9knV4T11yGvPAgf/6UQ","spine":"3.8.75","x":-177.31,"y":-63.44,"width":345.19,"height":1191.28,"images":"","audio":"C:/Users/Administrator/Desktop/爆炸动画"},"bones":[{"name":"root"},{"name":"bz_1","parent":"root","length":54,"rotation":90,"x":1,"y":12,"scaleX":1.143,"scaleY":1.143},{"name":"hedan","parent":"root","length":75.23,"rotation":90.91,"x":1.02,"y":926.11,"scaleX":0.8339,"scaleY":0.8339},{"name":"2420_01","parent":"hedan","length":51.4,"rotation":-0.02,"x":111.05,"y":-0.57}],"slots":[{"name":"bz_1","bone":"bz_1","attachment":"bz_1"},{"name":"2420_01","bone":"2420_01","attachment":"2420_08"},{"name":"hedan","bone":"hedan","attachment":"hedan"}],"skins":[{"name":"default","attachments":{"bz_1":{"bz_1":{"x":105,"y":5,"rotation":-90,"width":302,"height":342},"bz_2":{"x":105,"y":5,"rotation":-90,"width":302,"height":342},"bz_3":{"x":105,"y":5,"rotation":-90,"width":302,"height":342},"bz_4":{"x":105,"y":5,"rotation":-90,"width":302,"height":342},"bz_5":{"x":131.73,"y":5,"scaleX":1.1992,"scaleY":1.1992,"rotation":-90,"width":302,"height":342},"bz_6":{"x":113.91,"y":-5.69,"scaleX":1.2772,"scaleY":1.2772,"rotation":-90,"width":302,"height":342},"bz_7":{"x":121.04,"y":-19.95,"scaleX":1.5263,"scaleY":1.2871,"rotation":-90,"width":302,"height":342}},"2420_01":{"2420_01":{"x":59.37,"y":-0.04,"rotation":89.11,"width":86,"height":143},"2420_02":{"x":59.37,"y":-0.04,"rotation":89.11,"width":86,"height":143},"2420_03":{"x":59.37,"y":-0.04,"rotation":89.11,"width":86,"height":143},"2420_04":{"x":59.37,"y":-0.04,"rotation":89.11,"width":86,"height":143},"2420_05":{"x":59.37,"y":-0.04,"rotation":89.11,"width":86,"height":143},"2420_06":{"x":59.37,"y":-0.04,"rotation":89.11,"width":86,"height":143},"2420_07":{"x":59.37,"y":-0.04,"rotation":89.11,"width":86,"height":143},"2420_08":{"x":59.37,"y":-0.04,"rotation":89.11,"width":86,"height":143}},"hedan":{"hedan":{"x":49.99,"y":-2.21,"rotation":-90.91,"width":65,"height":136}}}}],"animations":{"hedan":{"slots":{"2420_01":{"color":[{"time":0.6,"color":"ffffffff"},{"time":0.6667,"color":"ffffff00"}],"attachment":[{"name":"2420_02"},{"time":0.1,"name":"2420_03"},{"time":0.1667,"name":"2420_04"},{"time":0.2,"name":"2420_05"},{"time":0.2667,"name":"2420_06"},{"time":0.3,"name":"2420_07"},{"time":0.3667,"name":"2420_08"},{"time":0.4333,"name":"2420_01"},{"time":0.5667,"name":"2420_03"},{"time":0.6333,"name":"2420_04"},{"time":0.6667,"name":"2420_05"},{"time":0.7333,"name":"2420_06"},{"time":0.7667,"name":"2420_07"},{"time":0.8333,"name":"2420_08"},{"time":0.9,"name":"2420_01"}]},"hedan":{"color":[{"time":0.6,"color":"ffffffff"},{"time":0.6667,"color":"ffffff00"}]},"bz_1":{"attachment":[{"name":null},{"time":0.7,"name":"bz_1"},{"time":0.7667,"name":"bz_2"},{"time":0.8333,"name":"bz_3"},{"time":0.9333,"name":"bz_4"},{"time":1,"name":"bz_5"},{"time":1.1333,"name":"bz_6"},{"time":1.2333,"name":"bz_7"},{"time":1.3333,"name":null}]}},"bones":{"hedan":{"translate":[{},{"time":0.6667,"y":-903.11}]},"2420_01":{"scale":[{},{"time":0.6,"x":1.689,"y":1.295}]}}}}}