{"skeleton":{"hash":"3nG27kww3gg6At3SP7ZX3nfdzkw","spine":"3.6.41","width":0,"height":0},"bones":[{"name":"root","scaleX":0.9,"scaleY":0.9},{"name":"attack","parent":"root","length":54.05,"rotation":-179.41,"x":-94.56,"y":36.69},{"name":"heap","parent":"root","y":86.63},{"name":"back_wheal","parent":"heap","rotation":-180,"x":55.67,"y":-80.36},{"name":"body","parent":"heap","length":74.78,"rotation":71.03,"x":40.64,"y":2.29},{"name":"cart","parent":"heap","length":55.69,"rotation":180,"x":7.5,"y":-52.96},{"name":"cart_head","parent":"cart","length":26.08,"rotation":0.97,"x":105.64,"y":-60.55},{"name":"front_arm","parent":"body","length":52.12,"rotation":159.48,"x":41.2,"y":18.84},{"name":"head","parent":"body","length":46.85,"rotation":109.51,"x":46.54,"y":75.36},{"name":"front_eye","parent":"head","x":25.17,"y":-2.45},{"name":"front_weal","parent":"heap","rotation":-180,"x":-85.77,"y":-75.5},{"name":"helmet","parent":"head","rotation":179.46,"x":30.44,"y":-53.13},{"name":"rear_arm","parent":"body","length":47.57,"rotation":165.72,"x":48.11,"y":87.11},{"name":"rear_eye","parent":"head","x":71.93,"y":-13.06},{"name":"shadow","parent":"root","x":0.42,"y":-1.68}],"slots":[{"name":"shadow","bone":"shadow","attachment":"effect/fx_zombie_shadow"},{"name":"rear_arm","bone":"rear_arm","attachment":"rear_arm"},{"name":"body","bone":"body","attachment":"body"},{"name":"rear_eye","bone":"rear_eye","attachment":"rear_eye"},{"name":"front_eye","bone":"front_eye","attachment":"front_eye"},{"name":"head","bone":"head","attachment":"head"},{"name":"front_weal","bone":"front_weal","attachment":"front_wheal"},{"name":"back_wheal","bone":"back_wheal","attachment":"back_wheal"},{"name":"cart","bone":"cart","attachment":"cart"},{"name":"cart_head","bone":"cart_head","attachment":"cart_head"},{"name":"front_arm","bone":"front_arm","attachment":"front_arm"},{"name":"helmet","bone":"helmet","attachment":"helmet"},{"name":"attack box","bone":"attack"},{"name":"cart box","bone":"cart","attachment":"cart box"},{"name":"body box","bone":"body","attachment":"body box"},{"name":"head box","bone":"head","attachment":"head box"}],"skins":{"default":{"attack box":{"attack box":{"type":"boundingbox","vertexCount":4,"vertices":[16.58,-39.6,49.42,4.66,13.7,47.02,-170.6,-2.23]}},"body box":{"body box":{"type":"boundingbox","vertexCount":7,"vertices":[-3.94,101.51,-75.34,54.29,-44.05,-38.74,50.85,-63.86,104.12,-44.86,133.34,28.07,117.98,76.75]}},"cart box":{"cart box":{"type":"boundingbox","vertexCount":4,"vertices":[139.2,-53.65,-104.22,-61.13,-107.15,30.85,133.68,32.15]}},"head box":{"head box":{"type":"boundingbox","vertexCount":6,"vertices":[47.88,-79.12,92.29,-56.54,79.5,34.91,-6.3,35.39,-35.74,-19.26,-17.28,-60.71]}},"shadow":{"effect/fx_zombie_shadow":{"scaleX":1.88,"width":144,"height":81}}},"zombie_captain":{"back_wheal":{"back_wheal":{"name":"zombie_captainboss/back_weal","rotation":180,"width":55,"height":55}},"body":{"body":{"name":"zombie_captainboss/body","x":43.99,"y":28.71,"rotation":-71.03,"width":175,"height":173}},"cart":{"cart":{"name":"zombie_captainboss/cart","x":34.27,"y":-15.23,"rotation":180,"width":292,"height":110}},"cart_head":{"cart_head":{"name":"zombie_captainboss/cart_head","x":7.07,"y":-3.93,"rotation":179.03,"width":54,"height":50}},"front_arm":{"front_arm":{"name":"zombie_captainboss/front_arm","x":56.16,"y":-27.73,"rotation":129.49,"width":169,"height":106}},"front_eye":{"front_eye":{"name":"zombie_captainboss/front_eye","rotation":179.46,"width":39,"height":39}},"front_weal":{"front_wheal":{"name":"zombie_captainboss/front_weal","x":3.33,"y":11.42,"rotation":180,"width":107,"height":49}},"head":{"head":{"name":"zombie_captainboss/head","x":30.8,"y":-14.57,"rotation":179.46,"width":135,"height":119}},"helmet":{"helmet":{"name":"zombie_captainboss/helmet","width":157,"height":84}},"rear_arm":{"rear_arm":{"name":"zombie_captainboss/rear_arm","x":45.84,"y":-30.85,"rotation":123.25,"width":154,"height":119}},"rear_eye":{"rear_eye":{"name":"zombie_captainboss/rear_eye","rotation":179.46,"width":32,"height":32}}},"zombie_martboss":{"back_wheal":{"back_wheal":{"name":"zombie_martboss/back_wheal","x":-0.44,"y":-0.44,"rotation":180,"width":52,"height":52}},"body":{"body":{"name":"zombie_martboss/body","x":49.48,"y":32.04,"rotation":-71.03,"width":169,"height":170}},"cart":{"cart":{"name":"zombie_martboss/cart","x":25.56,"y":-36.97,"rotation":180,"width":248,"height":153}},"cart_head":{"cart_head":{"name":"zombie_martboss/cart_head","x":4.31,"y":-6.98,"rotation":179.03,"width":53,"height":48}},"front_arm":{"front_arm":{"name":"zombie_martboss/front_arm","x":52.87,"y":-31.32,"rotation":129.49,"width":165,"height":100}},"front_eye":{"front_eye":{"name":"zombie_martboss/front_eye","x":-1.62,"y":-0.47,"rotation":179.46,"width":38,"height":38}},"front_weal":{"front_wheal":{"name":"zombie_martboss/front_weal","x":-0.44,"y":-2.21,"rotation":180,"width":52,"height":52}},"head":{"head":{"name":"zombie_martboss/head","x":29.45,"y":-14.48,"rotation":179.46,"width":132,"height":117}},"rear_arm":{"rear_arm":{"name":"zombie_martboss/rear_arm","x":44.39,"y":-26.47,"rotation":123.25,"width":151,"height":116}},"rear_eye":{"rear_eye":{"name":"zombie_martboss/rear_eye","x":-0.96,"y":0.19,"rotation":179.46,"width":31,"height":31}}}},"events":{"fx2":{},"kung":{},"no hit frame":{},"sound":{}},"animations":{"attack car":{"slots":{"attack box":{"attachment":[{"time":0,"name":"attack box"}]}},"bones":{"cart":{"rotate":[{"time":0,"angle":-355.87},{"time":0.1,"angle":-351.36},{"time":0.2333,"angle":-355.87}],"translate":[{"time":0,"x":0,"y":0,"curve":"stepped"},{"time":0.2333,"x":0,"y":0}]},"body":{"rotate":[{"time":0,"angle":21.36},{"time":0.1,"angle":24.97},{"time":0.2333,"angle":21.36}],"translate":[{"time":0,"x":0,"y":0},{"time":0.1,"x":-8.22,"y":0},{"time":0.2333,"x":0,"y":0}]},"front_arm":{"rotate":[{"time":0,"angle":-17.79},{"time":0.1333,"angle":-17.5},{"time":0.2333,"angle":-17.79}],"translate":[{"time":0,"x":3.44,"y":-9.81,"curve":"stepped"},{"time":0.2333,"x":3.44,"y":-9.81}]},"rear_arm":{"rotate":[{"time":0,"angle":-29.88},{"time":0.1333,"angle":-31.83},{"time":0.2333,"angle":-29.88}],"translate":[{"time":0,"x":1.3,"y":-30.4,"curve":"stepped"},{"time":0.2333,"x":1.3,"y":-30.4}]},"head":{"rotate":[{"time":0,"angle":-13.7},{"time":0.1333,"angle":-19.11},{"time":0.2333,"angle":-13.7}],"translate":[{"time":0,"x":0,"y":0,"curve":"stepped"},{"time":0.2333,"x":0,"y":0}]},"cart_head":{"translate":[{"time":0,"x":0,"y":0,"curve":"stepped"},{"time":0.2333,"x":0,"y":0}]}},"deform":{"default":{"attack box":{"attack box":[{"time":0,"offset":2,"vertices":[19.37723,-0.19994]}]}}},"events":[{"time":0,"name":"no hit frame","int":24}]},"dead":{"slots":{"back_wheal":{"color":[{"time":0.8,"color":"ffffffff"},{"time":2.0667,"color":"ffffff00"}]},"body":{"color":[{"time":0.8,"color":"ffffffff"},{"time":2.0667,"color":"ffffff00"}]},"cart":{"color":[{"time":0.8,"color":"ffffffff"},{"time":2.0667,"color":"ffffff00"}]},"cart_head":{"color":[{"time":0.8,"color":"ffffffff"},{"time":2.0667,"color":"ffffff00"}]},"front_arm":{"color":[{"time":0.8,"color":"ffffffff"},{"time":2.0667,"color":"ffffff00"}]},"front_eye":{"color":[{"time":0.8,"color":"ffffffff"},{"time":2.0667,"color":"ffffff00"}]},"front_weal":{"color":[{"time":0.8,"color":"ffffffff"},{"time":2.0667,"color":"ffffff00"}]},"head":{"color":[{"time":0.8,"color":"ffffffff"},{"time":2.0667,"color":"ffffff00"}]},"rear_arm":{"color":[{"time":0.8,"color":"ffffffff"},{"time":2.0667,"color":"ffffff00"}]},"rear_eye":{"color":[{"time":0.8,"color":"ffffffff"},{"time":2.0667,"color":"ffffff00"}]},"shadow":{"color":[{"time":0.8,"color":"ffffffff"},{"time":2.0667,"color":"ffffff00"}]}},"bones":{"cart":{"rotate":[{"time":0,"angle":0},{"time":0.1,"angle":-16.03},{"time":0.2,"angle":-351.97},{"time":0.5,"angle":-358.04}],"translate":[{"time":0,"x":0,"y":0},{"time":0.1,"x":10.75,"y":12.45},{"time":0.2,"x":-1.13,"y":-2.26},{"time":0.5,"x":8.49,"y":-13.02}]},"body":{"rotate":[{"time":0,"angle":0},{"time":0.0333,"angle":-27.41},{"time":0.1333,"angle":-40.28},{"time":0.4,"angle":-44.97},{"time":0.5333,"angle":-117.46},{"time":0.7,"angle":-128.12}],"translate":[{"time":0,"x":0,"y":0},{"time":0.0333,"x":7.92,"y":16.98},{"time":0.1333,"x":20.94,"y":19.81,"curve":"stepped"},{"time":0.4,"x":20.94,"y":19.81},{"time":0.5333,"x":84.33,"y":-28.3},{"time":0.7,"x":100.75,"y":-16.41}]},"front_arm":{"rotate":[{"time":0,"angle":0},{"time":0.0333,"angle":-284.74},{"time":0.1,"angle":-277.54},{"time":0.4,"angle":-269.94},{"time":0.7,"angle":-232.54},{"time":0.8,"angle":-250.03}],"translate":[{"time":0,"x":0,"y":0},{"time":0.1,"x":15.8,"y":-15.92}]},"rear_arm":{"rotate":[{"time":0,"angle":0},{"time":0.0333,"angle":-323.27},{"time":0.4,"angle":-320.11},{"time":0.7,"angle":-242.73},{"time":0.8,"angle":-266.27}],"translate":[{"time":0,"x":0,"y":0},{"time":0.1,"x":-10.49,"y":-18.91}]},"head":{"rotate":[{"time":0,"angle":0},{"time":0.1333,"angle":-34.35},{"time":0.4,"angle":-40.45},{"time":0.4333,"angle":27.03},{"time":0.6,"angle":-30.41},{"time":0.6667,"angle":-70.44},{"time":0.8,"angle":-102.17}],"translate":[{"time":0,"x":0,"y":0},{"time":0.1333,"x":16.7,"y":-0.71,"curve":"stepped"},{"time":0.4,"x":16.7,"y":-0.71},{"time":0.4333,"x":2.75,"y":7.03},{"time":0.5667,"x":37.05,"y":1.79},{"time":0.6667,"x":81.94,"y":16.12},{"time":0.8,"x":93.05,"y":68.05}]},"cart_head":{"rotate":[{"time":0,"angle":0},{"time":0.0667,"angle":-63.7},{"time":0.2,"angle":-117.24}],"translate":[{"time":0,"x":0,"y":0},{"time":0.0667,"x":-50.37,"y":-20.94},{"time":0.2,"x":-80.94,"y":48.11}]},"heap":{"translate":[{"time":0,"x":0,"y":0}]}}},"fall long":{"bones":{"cart":{"rotate":[{"time":0.3333,"angle":0},{"time":0.4667,"angle":-353.84},{"time":0.5333,"angle":-1.4},{"time":1,"angle":0}],"translate":[{"time":0.3333,"x":0,"y":0},{"time":0.4667,"x":0,"y":-7.49},{"time":1,"x":0,"y":0},{"time":1.1667,"x":0,"y":-3.54},{"time":1.3333,"x":0,"y":0.44},{"time":1.5,"x":0,"y":0}],"scale":[{"time":0.3333,"x":1,"y":1},{"time":0.4667,"x":1,"y":0.943},{"time":1,"x":1,"y":1}]},"body":{"rotate":[{"time":0.3333,"angle":0}],"translate":[{"time":0.3333,"x":0,"y":0},{"time":0.4667,"x":0,"y":-11.98},{"time":1,"x":0,"y":0},{"time":1.2333,"x":0,"y":-3.98},{"time":1.4,"x":0,"y":5.3},{"time":1.5,"x":0,"y":0}],"scale":[{"time":0.3333,"x":1,"y":1},{"time":0.4667,"x":0.884,"y":1},{"time":1,"x":1,"y":1}]},"front_arm":{"rotate":[{"time":0.3333,"angle":0},{"time":0.4667,"angle":-8.29},{"time":1,"angle":0,"curve":"stepped"},{"time":1.1667,"angle":0},{"time":1.2333,"angle":-1.36},{"time":1.4,"angle":2.45},{"time":1.5,"angle":0}],"translate":[{"time":0.3333,"x":0,"y":0},{"time":0.4667,"x":-21.24,"y":-7.3},{"time":1,"x":0,"y":0}]},"rear_arm":{"rotate":[{"time":0.3333,"angle":0},{"time":0.4667,"angle":-5.55},{"time":1,"angle":0,"curve":"stepped"},{"time":1.1667,"angle":0},{"time":1.2333,"angle":-1.33},{"time":1.4,"angle":4.09},{"time":1.5,"angle":0}],"translate":[{"time":0.3333,"x":0,"y":0},{"time":0.4667,"x":-11.97,"y":-11.24},{"time":1,"x":0,"y":0}]},"head":{"rotate":[{"time":0.3333,"angle":-51.44},{"time":0.4667,"angle":61.76},{"time":0.6,"angle":-22.01},{"time":0.7,"angle":36.24},{"time":1,"angle":0},{"time":1.1333,"angle":3.26},{"time":1.3333,"angle":-1.37},{"time":1.5,"angle":0}],"translate":[{"time":0.3333,"x":34.29,"y":-1.65},{"time":0.4667,"x":-26.99,"y":0.22},{"time":1,"x":0,"y":0,"curve":"stepped"},{"time":1.5,"x":0,"y":0}]},"heap":{"rotate":[{"time":0,"angle":-40.24},{"time":0.3333,"angle":-62.84},{"time":0.4667,"angle":14.7},{"time":0.5667,"angle":-14.22},{"time":0.6333,"angle":5.72},{"time":0.7,"angle":0}],"translate":[{"time":0,"x":500,"y":599.08},{"time":0.3333,"x":0,"y":4.96}]},"shadow":{"translate":[{"time":0,"x":513.86,"y":1.68},{"time":0.3333,"x":-0.42,"y":1.68}]}},"events":[{"time":0.3333,"name":"fx2","string":"fx/fx_fall_smoke.ccbi"},{"time":0.3667,"name":"kung","int":15},{"time":0.3667,"name":"sound","string":"snd_falldown"}]},"hit":{"slots":{"body":{"color":[{"time":0,"color":"ff1e1eff"},{"time":0.1667,"color":"ffffffff"}]},"cart":{"color":[{"time":0,"color":"ff1e1eff"},{"time":0.1667,"color":"ffffffff"}]},"cart_head":{"color":[{"time":0,"color":"ff1e1eff"},{"time":0.1667,"color":"ffffffff"}]},"front_arm":{"color":[{"time":0,"color":"ff1e1eff"},{"time":0.1667,"color":"ffffffff"}]},"head":{"color":[{"time":0,"color":"ff1e1eff"},{"time":0.1667,"color":"ffffffff"}]},"helmet":{"color":[{"time":0,"color":"ff1e1eff"},{"time":0.1667,"color":"ffffffff"}]},"rear_arm":{"color":[{"time":0,"color":"ff1e1eff"},{"time":0.1667,"color":"ffffffff"}]}},"bones":{"cart":{"translate":[{"time":0,"x":0,"y":0},{"time":0.0333,"x":0,"y":-3.98},{"time":0.7333,"x":0,"y":0}]},"body":{"rotate":[{"time":0,"angle":0},{"time":0.0333,"angle":-19.67},{"time":0.7333,"angle":0}],"translate":[{"time":0,"x":0,"y":0},{"time":0.0333,"x":3.98,"y":11.49},{"time":0.7333,"x":0,"y":0}]},"front_arm":{"rotate":[{"time":0,"angle":0},{"time":0.0333,"angle":-336.95},{"time":0.7333,"angle":0}],"translate":[{"time":0,"x":0,"y":0},{"time":0.0333,"x":-3.73,"y":6.08},{"time":0.7333,"x":0,"y":0}]},"rear_arm":{"rotate":[{"time":0,"angle":0},{"time":0.0333,"angle":-344.32},{"time":0.7333,"angle":0}],"translate":[{"time":0,"x":0,"y":0},{"time":0.0333,"x":-36.86,"y":-9.1},{"time":0.7333,"x":0,"y":0}]},"head":{"rotate":[{"time":0,"angle":0},{"time":0.0333,"angle":-45.26},{"time":0.7333,"angle":0}],"translate":[{"time":0,"x":0,"y":0},{"time":0.0333,"x":7.52,"y":-0.21},{"time":0.7333,"x":0,"y":0}]},"cart_head":{"translate":[{"time":0,"x":0,"y":0},{"time":0.0333,"x":-13.26,"y":-4.42},{"time":0.7333,"x":0,"y":0}]},"heap":{"translate":[{"time":0,"x":0,"y":0},{"time":0.0333,"x":11.93,"y":0},{"time":0.7333,"x":0,"y":0}]}}},"hit2":{"slots":{"body":{"color":[{"time":0,"color":"ff1e1eff"},{"time":0.1667,"color":"ffffffff"}]},"cart":{"color":[{"time":0,"color":"ff1e1eff"},{"time":0.1667,"color":"ffffffff"}]},"cart_head":{"color":[{"time":0,"color":"ff1e1eff"},{"time":0.1667,"color":"ffffffff"}]},"front_arm":{"color":[{"time":0,"color":"ff1e1eff"},{"time":0.1667,"color":"ffffffff"}]},"head":{"color":[{"time":0,"color":"ff1e1eff"},{"time":0.1667,"color":"ffffffff"}]},"helmet":{"color":[{"time":0,"color":"ff1e1eff"},{"time":0.1667,"color":"ffffffff"}]},"rear_arm":{"color":[{"time":0,"color":"ff1e1eff"},{"time":0.1667,"color":"ffffffff"}]}},"bones":{"cart":{"translate":[{"time":0,"x":0,"y":0},{"time":0.0333,"x":9.41,"y":-3.04},{"time":0.7333,"x":0,"y":0}]},"body":{"rotate":[{"time":0,"angle":0},{"time":0.0333,"angle":7.73},{"time":0.7333,"angle":0}],"translate":[{"time":0,"x":0,"y":0},{"time":0.0333,"x":-3.55,"y":-15.8},{"time":0.7333,"x":0,"y":0}]},"front_arm":{"rotate":[{"time":0,"angle":0},{"time":0.0333,"angle":-17.69},{"time":0.7333,"angle":0}],"translate":[{"time":0,"x":0,"y":0},{"time":0.0333,"x":3.25,"y":-24.2},{"time":0.7333,"x":0,"y":0}]},"rear_arm":{"rotate":[{"time":0,"angle":0},{"time":0.0333,"angle":-23.51},{"time":0.7333,"angle":0}],"translate":[{"time":0,"x":0,"y":0},{"time":0.0333,"x":2.22,"y":-46.42},{"time":0.7333,"x":0,"y":0}]},"head":{"rotate":[{"time":0,"angle":0},{"time":0.0333,"angle":63.72},{"time":0.7333,"angle":0}],"translate":[{"time":0,"x":0,"y":0},{"time":0.0333,"x":7.52,"y":-0.21},{"time":0.7333,"x":0,"y":0}]},"cart_head":{"translate":[{"time":0,"x":0,"y":0},{"time":0.0333,"x":-13.26,"y":-4.42},{"time":0.7333,"x":0,"y":0}]},"heap":{"translate":[{"time":0,"x":0,"y":0},{"time":0.1,"x":11.93,"y":0},{"time":0.8,"x":0,"y":0}]}}},"hit3":{"slots":{"body":{"color":[{"time":0,"color":"ff1e1eff"},{"time":0.1667,"color":"ffffffff"}]},"cart":{"color":[{"time":0,"color":"ff1e1eff"},{"time":0.1667,"color":"ffffffff"}]},"cart_head":{"color":[{"time":0,"color":"ff1e1eff"},{"time":0.1667,"color":"ffffffff"}]},"front_arm":{"color":[{"time":0,"color":"ff1e1eff"},{"time":0.1667,"color":"ffffffff"}]},"head":{"color":[{"time":0,"color":"ff1e1eff"},{"time":0.1667,"color":"ffffffff"}]},"helmet":{"color":[{"time":0,"color":"ff1e1eff"},{"time":0.1667,"color":"ffffffff"}]},"rear_arm":{"color":[{"time":0,"color":"ff1e1eff"},{"time":0.1667,"color":"ffffffff"}]}},"bones":{"cart":{"translate":[{"time":0,"x":0,"y":0},{"time":0.0333,"x":0,"y":-3.98},{"time":0.7333,"x":0,"y":0}]},"body":{"rotate":[{"time":0,"angle":0},{"time":0.0333,"angle":-19.67},{"time":0.7333,"angle":0}],"translate":[{"time":0,"x":0,"y":0},{"time":0.0333,"x":3.98,"y":11.49},{"time":0.7333,"x":0,"y":0}]},"front_arm":{"rotate":[{"time":0,"angle":0},{"time":0.0333,"angle":-336.95},{"time":0.7333,"angle":0}],"translate":[{"time":0,"x":0,"y":0},{"time":0.0333,"x":-3.73,"y":6.08},{"time":0.7333,"x":0,"y":0}]},"rear_arm":{"rotate":[{"time":0,"angle":0},{"time":0.0333,"angle":-344.32},{"time":0.7333,"angle":0}],"translate":[{"time":0,"x":0,"y":0},{"time":0.0333,"x":-36.86,"y":-9.1},{"time":0.7333,"x":0,"y":0}]},"head":{"rotate":[{"time":0,"angle":0},{"time":0.0333,"angle":-45.26},{"time":0.7333,"angle":0}],"translate":[{"time":0,"x":0,"y":0},{"time":0.0333,"x":7.52,"y":-0.21},{"time":0.7333,"x":0,"y":0}]},"cart_head":{"translate":[{"time":0,"x":0,"y":0},{"time":0.0333,"x":-13.26,"y":-4.42},{"time":0.7333,"x":0,"y":0}]},"heap":{"translate":[{"time":0,"x":0,"y":0},{"time":0.0333,"x":11.93,"y":0},{"time":0.7333,"x":0,"y":0}]}}},"hit black":{"slots":{"body":{"color":[{"time":0,"color":"000000ff"},{"time":1.9,"color":"ffffffff"}]},"cart":{"color":[{"time":0,"color":"000000ff"},{"time":1.9,"color":"ffffffff"}]},"cart_head":{"color":[{"time":0,"color":"000000ff"},{"time":1.9,"color":"ffffffff"}]},"front_arm":{"color":[{"time":0,"color":"000000ff"},{"time":1.9,"color":"ffffffff"}]},"head":{"color":[{"time":0,"color":"000000ff"},{"time":1.9,"color":"ffffffff"}]},"rear_arm":{"color":[{"time":0,"color":"000000ff"},{"time":1.9,"color":"ffffffff"}]}},"bones":{"cart":{"rotate":[{"time":0,"angle":0},{"time":0.0667,"angle":-354.92},{"time":1.9,"angle":0}],"translate":[{"time":0,"x":0,"y":0,"curve":"stepped"},{"time":1.9,"x":0,"y":0}]},"body":{"rotate":[{"time":0,"angle":0},{"time":0.0667,"angle":5.08},{"time":1.9,"angle":0}],"translate":[{"time":0,"x":0,"y":0,"curve":"stepped"},{"time":1.9,"x":0,"y":0}]},"front_arm":{"rotate":[{"time":0,"angle":0},{"time":0.0667,"angle":-2.06},{"time":1.9,"angle":0}],"translate":[{"time":0,"x":0,"y":0},{"time":0.0667,"x":-1.81,"y":7.31},{"time":1.9,"x":0,"y":0}]},"rear_arm":{"rotate":[{"time":0,"angle":0},{"time":0.0667,"angle":-5.04},{"time":1.9,"angle":0}],"translate":[{"time":0,"x":0,"y":0,"curve":"stepped"},{"time":1.9,"x":0,"y":0}]},"head":{"rotate":[{"time":0,"angle":0},{"time":0.0667,"angle":-22.12},{"time":1.9,"angle":0}],"translate":[{"time":0,"x":0,"y":0},{"time":0.0667,"x":19.19,"y":8.62},{"time":1.9,"x":0,"y":0}]},"cart_head":{"rotate":[{"time":0.0667,"angle":5.08}],"translate":[{"time":0,"x":0,"y":0,"curve":"stepped"},{"time":1.9,"x":0,"y":0}]},"heap":{"translate":[{"time":0,"x":0,"y":0},{"time":0.1,"x":11.93,"y":0},{"time":0.7,"x":0,"y":0}]}}},"idle":{"bones":{"cart":{"translate":[{"time":0,"x":0,"y":0},{"time":0.1667,"x":0,"y":-3.54},{"time":0.3333,"x":0,"y":0.44},{"time":0.5,"x":0,"y":0}]},"body":{"translate":[{"time":0,"x":0,"y":0},{"time":0.2333,"x":0,"y":-3.98},{"time":0.4,"x":0,"y":5.3},{"time":0.5,"x":0,"y":0}]},"front_arm":{"rotate":[{"time":0,"angle":0,"curve":"stepped"},{"time":0.1667,"angle":0},{"time":0.2333,"angle":-1.36},{"time":0.4,"angle":2.45},{"time":0.5,"angle":0}]},"rear_arm":{"rotate":[{"time":0,"angle":0,"curve":"stepped"},{"time":0.1667,"angle":0},{"time":0.2333,"angle":-1.33},{"time":0.4,"angle":4.09},{"time":0.5,"angle":0}]},"head":{"rotate":[{"time":0,"angle":0},{"time":0.1333,"angle":3.26},{"time":0.3333,"angle":-1.37},{"time":0.5,"angle":0}],"translate":[{"time":0,"x":0,"y":0,"curve":"stepped"},{"time":0.5,"x":0,"y":0}]}}},"walk":{"bones":{"cart":{"rotate":[{"time":0,"angle":0}],"translate":[{"time":0,"x":0,"y":0},{"time":0.1,"x":0,"y":-3.54},{"time":0.2333,"x":0,"y":0.44},{"time":0.3333,"x":0,"y":0}]},"body":{"rotate":[{"time":0,"angle":0}],"translate":[{"time":0,"x":0,"y":0},{"time":0.1667,"x":0,"y":-3.98},{"time":0.2667,"x":0,"y":5.3},{"time":0.3333,"x":0,"y":0}]},"front_arm":{"rotate":[{"time":0,"angle":0,"curve":"stepped"},{"time":0.1,"angle":0},{"time":0.1667,"angle":-1.36},{"time":0.2667,"angle":2.45},{"time":0.3333,"angle":0}],"translate":[{"time":0,"x":0,"y":0}]},"rear_arm":{"rotate":[{"time":0,"angle":0,"curve":"stepped"},{"time":0.1,"angle":0},{"time":0.1667,"angle":-1.33},{"time":0.2667,"angle":4.09},{"time":0.3333,"angle":0}],"translate":[{"time":0,"x":0,"y":0}]},"head":{"rotate":[{"time":0,"angle":0},{"time":0.1,"angle":3.26},{"time":0.2333,"angle":-1.37},{"time":0.3333,"angle":0}],"translate":[{"time":0,"x":0,"y":0,"curve":"stepped"},{"time":0.3333,"x":0,"y":0}]},"cart_head":{"translate":[{"time":0,"x":0,"y":0,"curve":"stepped"},{"time":0.1,"x":0,"y":0},{"time":0.2,"x":2.21,"y":-1.33},{"time":0.2667,"x":-1.55,"y":-0.66},{"time":0.3333,"x":0,"y":0}]}}}}}