{"skeleton":{"hash":"/agSUbnO9R8PxhE0NIJJaKX1PAQ","spine":"3.8.75","x":-127.99,"y":-11.96,"width":224.12,"height":457.38,"images":"","audio":"C:/Users/Administrator/Desktop/big僵尸7开车"},"bones":[{"name":"root"},{"name":"attack","parent":"root","x":-171.69},{"name":"attack fx","parent":"root"},{"name":"heap","parent":"root","x":-2.14,"y":43.56},{"name":"body","parent":"heap","length":117.34,"rotation":85.18,"x":1.42,"y":-7.6},{"name":"body bast","parent":"body","rotation":0.28,"x":0.39,"y":2.83},{"name":"front_arm_rotate","parent":"body","rotation":0.28,"x":132.37,"y":-65.1},{"name":"front_hand_IK","parent":"front_arm_rotate","rotation":-85.46,"x":-101.67,"y":42.57,"color":"ff3f00ff"},{"name":"front_shoulder","parent":"body","length":50.89,"rotation":-163.05,"x":118.75,"y":-38.93},{"name":"front_arm","parent":"front_shoulder","length":46.21,"rotation":-17.45,"x":59.11,"y":-1.89},{"name":"head","parent":"body","length":53.98,"rotation":31.94,"x":141.23,"y":8.17,"scaleX":0.8963,"scaleY":0.8963},{"name":"front_eye","parent":"head","x":26.38,"y":15.31,"scaleX":0.7732,"scaleY":0.7732},{"name":"front_hand_weapon","parent":"front_arm","length":67.54,"rotation":-65.78,"x":52.11,"y":-4.52},{"name":"front_leg","parent":"heap","length":40.11,"rotation":-80.79,"x":32.15,"y":-0.87},{"name":"rear_hand_IK","parent":"body","rotation":-85.18,"x":23.23,"y":97.84,"color":"ff3f00ff"},{"name":"rear_shoulder","parent":"body","length":63.24,"rotation":-171.79,"x":102.91,"y":66.74},{"name":"rear_arm","parent":"rear_shoulder","length":52.78,"rotation":-13.91,"x":61.74,"y":6.44},{"name":"rear_eye","parent":"head","x":46.3,"y":34.7},{"name":"rear_leg","parent":"heap","length":41.42,"rotation":-84.07,"x":-32.94,"y":4.32},{"name":"dron","parent":"root","length":48.55,"rotation":90.81,"x":-19.87,"y":237.31,"scaleX":1.5897,"scaleY":1.5897},{"name":"wpn_bowl2","parent":"front_hand_IK","x":-59.32,"y":11.82,"scaleX":1.7134,"scaleY":1.7134,"color":"ff00fcff"}],"slots":[{"name":"dron","bone":"dron","attachment":"dron"},{"name":"attack fx","bone":"attack fx"},{"name":"rear_shoulder","bone":"rear_shoulder","attachment":"rear_shoulder"},{"name":"rear_arm","bone":"rear_arm","attachment":"rear_arm"},{"name":"rear_leg","bone":"rear_leg","attachment":"rear_leg"},{"name":"heap","bone":"heap","attachment":"heap"},{"name":"front_leg","bone":"front_leg","attachment":"front_leg"},{"name":"body","bone":"body bast","attachment":"body"},{"name":"head","bone":"head","attachment":"head"},{"name":"wpn_bowl2","bone":"wpn_bowl2","attachment":"wpn_bowl2"},{"name":"rear_eye","bone":"rear_eye","attachment":"rear_eye"},{"name":"front_eye","bone":"front_eye","attachment":"front_eye"},{"name":"front_hand_weapon","bone":"front_hand_weapon","attachment":"front_hand_weapon"},{"name":"front_shoulder","bone":"front_shoulder","attachment":"front_shoulder"},{"name":"front_arm","bone":"front_arm","attachment":"front_arm"},{"name":"attack sprite","bone":"attack"},{"name":"attack box","bone":"attack"},{"name":"body box","bone":"body","attachment":"body box"},{"name":"head box","bone":"head","attachment":"head box"}],"ik":[{"name":"front_hand_IK","bones":["front_shoulder","front_arm"],"target":"front_hand_IK","bendPositive":false},{"name":"rear_hand_IK","order":1,"bones":["rear_shoulder","rear_arm"],"target":"rear_hand_IK","bendPositive":false}],"skins":[{"name":"default","attachments":{"wpn_bowl2":{"wpn_bowl2":{"x":0.19,"y":-0.7,"rotation":90.81,"width":65,"height":64}},"head box":{"head box":{"type":"boundingbox","vertexCount":5,"vertices":[89.24,61.42,19.42,96.5,-40.17,17.85,35.95,-47.21,92.11,4.41],"color":"60ef00ff"}},"body box":{"body box":{"type":"boundingbox","vertexCount":6,"vertices":[163.32,13.38,89.2,95.86,-12.57,85.31,-47.98,62.8,-32.54,-78.26,143.46,-70.55],"color":"60ef00ff"}},"attack sprite":{"zombie_big/fx_big_boom":{"y":117.98,"scaleX":1.904,"scaleY":1.904,"width":114,"height":156}},"attack fx":{"effect/fx_attack_boom":{"width":99,"height":98}},"dron":{"dron":{"x":34.93,"y":1.34,"rotation":-90.81,"width":80,"height":192}},"attack box":{"attack box":{"type":"boundingbox","vertexCount":5,"vertices":[-50.3,-20.51,-153.37,-1.78,-119.34,142.27,185.56,141.92,228.16,-4.56],"color":"60ef00ff"}}}},{"name":"zombie_big","attachments":{"rear_arm":{"rear_arm":{"name":"zombie_big/rear_arm","x":29.55,"y":4.78,"rotation":100.51,"width":70,"height":88}},"front_arm":{"front_arm":{"name":"zombie_big/front_arm","x":28.82,"y":1.76,"rotation":95.31,"width":71,"height":89}},"rear_eye":{"rear_eye":{"name":"zombie_big/rear_eye","x":0.95,"y":-0.42,"rotation":-129.37,"width":19,"height":19}},"rear_shoulder":{"rear_shoulder":{"name":"zombie_big/rear_shoulder","x":36.23,"y":3.07,"rotation":86.61,"width":80,"height":108}},"head":{"head":{"name":"zombie_big/head","x":37.87,"y":7.57,"scaleX":1.1447,"scaleY":1.1447,"rotation":-119.43,"width":113,"height":142}},"body":{"body":{"name":"zombie_big/body","x":92.06,"y":7.84,"rotation":-85.46,"width":198,"height":211}},"front_eye":{"front_eye":{"name":"zombie_big/front_eye","x":1.56,"y":-0.8,"rotation":-129.37,"width":37,"height":36}},"heap":{"heap":{"name":"zombie_big/heap","x":-6.35,"y":13.26,"width":175,"height":73}},"rear_leg":{"rear_leg":{"name":"zombie_big/rear_leg","x":18.47,"y":-0.47,"rotation":84.07,"width":82,"height":60}},"front_shoulder":{"front_shoulder":{"name":"zombie_big/front_shoulder","x":25.78,"y":-4.07,"rotation":77.86,"width":80,"height":115}},"front_leg":{"front_leg":{"name":"zombie_big/front_leg","x":24.52,"y":-2.77,"rotation":80.79,"width":83,"height":60}}}}],"events":{"fx":{},"fx2":{},"kung":{},"no hit frame":{},"shoot":{},"sound":{}},"animations":{"attack big":{"slots":{"wpn_bowl2":{"color":[{"time":0.5667,"color":"ffffffff"},{"time":0.6667,"color":"ffffff00"}]}},"bones":{"rear_leg":{"rotate":[{},{"time":0.5667,"angle":36.1},{"time":1.0667,"angle":-24.78},{"time":1.3333}]},"front_hand_IK":{"translate":[{},{"time":0.1,"x":57.76,"y":91.47},{"time":0.2333,"x":179.04,"y":81.41},{"time":0.3333,"x":220.91,"y":-20.03},{"time":0.4333,"x":223.83,"y":11.79},{"time":0.5,"x":205.81,"y":-30.93},{"time":0.5333,"x":191.51,"y":99.46},{"time":0.5667,"x":-12.26,"y":142.48},{"time":1.0667,"x":37.25,"y":128.1,"curve":0.54,"c2":0.01},{"time":1.3333}]},"body":{"rotate":[{},{"time":0.3333,"angle":-21.45,"curve":"stepped"},{"time":0.4333,"angle":-21.45},{"time":0.5667,"angle":18.8},{"time":1.0667,"angle":16.6},{"time":1.3333}],"translate":[{},{"time":0.3333,"x":5.95,"y":8.92,"curve":"stepped"},{"time":0.4333,"x":5.95,"y":8.92},{"time":0.5667,"x":5.95,"y":-29.73,"curve":"stepped"},{"time":1.0667,"x":5.95,"y":-29.73},{"time":1.3333}]},"front_eye":{"translate":[{"time":0.5667},{"time":1.0667,"x":-0.55,"y":15.15},{"time":1.3333}]},"head":{"rotate":[{"angle":30.11},{"time":0.3333,"angle":-9.86},{"time":0.4333,"angle":-26.04},{"time":1.0667,"angle":13.58},{"time":1.3333,"angle":30.11}],"translate":[{"x":21.91,"y":1},{"time":0.3333,"x":9.64,"y":-10.73},{"time":0.4333,"x":14.49,"y":-13.89},{"time":0.5333,"x":-7.43,"y":14.41},{"time":1.0667,"x":13.13,"y":0.43},{"time":1.3333,"x":21.91,"y":1}]},"rear_hand_IK":{"translate":[{},{"time":0.1,"x":84.68,"y":82.87},{"time":0.2333,"x":167.63,"y":73.49},{"time":0.3333,"x":234.78,"y":-15.71},{"time":0.4333,"x":236.88,"y":-25.67},{"time":0.5,"x":243.28,"y":-56.56},{"time":0.5333,"x":236.28,"y":35.17},{"time":0.5667,"x":85.89,"y":75.84},{"time":1.0667,"x":122.6,"y":52.29,"curve":0.54,"c2":0.01},{"time":1.3333}]},"heap":{"translate":[{},{"time":0.4,"x":45.59},{"time":0.5667,"x":-17.84,"curve":"stepped"},{"time":1.0667,"x":-17.84},{"time":1.3333}]},"front_leg":{"rotate":[{},{"time":0.5667,"angle":36.1},{"time":1.0667,"angle":-24.78},{"time":1.3333}]},"rear_eye":{"translate":[{"time":0.5667},{"time":1.0667,"x":2.06,"y":12.72},{"time":1.3333}]},"front_shoulder":{"translate":[{},{"time":0.3333,"x":-3.82,"y":6.78,"curve":"stepped"},{"time":0.4333,"x":-3.82,"y":6.78},{"time":0.5667,"x":-37.79,"y":15.04},{"time":1.0667,"x":-39.42,"y":13.12},{"time":1.3333}],"scale":[{},{"time":0.3333,"x":1.197,"y":1.197,"curve":"stepped"},{"time":0.4333,"x":1.197,"y":1.197},{"time":0.5667,"x":1.447,"y":1.447},{"time":1.0667,"x":1.434,"y":1.434},{"time":1.2333}]},"rear_shoulder":{"translate":[{"time":0.4333},{"time":0.5667,"x":17.69,"y":-29.96},{"time":1.0667,"x":19.28,"y":-34.1}],"scale":[{},{"time":0.3333,"x":1.197,"y":1.197,"curve":"stepped"},{"time":1.0667,"x":1.197,"y":1.197},{"time":1.2333}]},"dron":{"rotate":[{},{"time":0.6667,"angle":-24.26},{"time":1,"angle":-13.55},{"time":1.3333}],"translate":[{},{"time":0.1667,"x":77.2,"y":1.09},{"time":0.3333,"x":149.11,"y":2.1},{"time":0.5,"x":49.93,"y":0.7},{"time":0.6667,"x":-31.44,"y":-0.34},{"time":0.8333,"x":-51.98,"y":-0.59},{"time":1,"x":-51.69,"y":-0.73},{"time":1.1667,"x":-37.67,"y":-0.53},{"time":1.3333}],"scale":[{},{"time":0.3333,"x":0.971,"y":1.159},{"time":0.5667}]},"wpn_bowl2":{"rotate":[{},{"time":0.5667,"angle":81.61},{"time":1.3333}],"translate":[{},{"time":0.3333,"x":-13.01,"y":-25.48},{"time":0.5667,"x":-2.26,"y":7.24},{"time":1.3333}],"scale":[{},{"time":0.5667,"x":1.336,"y":1.336}]}},"events":[{"time":0.5333,"name":"shoot","string":"big punch"},{"time":0.5667,"name":"kung","int":19},{"time":0.5667,"name":"sound","string":"snd_boom_1"}]},"dead down":{"slots":{"front_shoulder":{"color":[{"time":0.8333,"color":"ffffffff"},{"time":1,"color":"535353ff"},{"time":1.1667,"color":"53535300"}]},"rear_eye":{"color":[{"time":0.8333,"color":"ffffffff"},{"time":1,"color":"535353ff"},{"time":1.1667,"color":"53535300"}]},"attack fx":{"color":[{"time":0.8333,"color":"ffffffff"},{"time":1,"color":"535353ff"},{"time":1.1667,"color":"53535300"}]},"front_arm":{"color":[{"time":0.8333,"color":"ffffffff"},{"time":1,"color":"535353ff"},{"time":1.1667,"color":"53535300"}]},"rear_shoulder":{"color":[{"time":0.8333,"color":"ffffffff"},{"time":1,"color":"535353ff"},{"time":1.1667,"color":"53535300"}]},"dron":{"color":[{"time":0.8333,"color":"ffffffff"},{"time":1,"color":"535353ff"},{"time":1.1667,"color":"53535300"}]},"rear_leg":{"color":[{"time":0.8333,"color":"ffffffff"},{"time":1,"color":"535353ff"},{"time":1.1667,"color":"53535300"}]},"front_leg":{"color":[{"time":0.8333,"color":"ffffffff"},{"time":1,"color":"535353ff"},{"time":1.1667,"color":"53535300"}]},"heap":{"color":[{"time":0.8333,"color":"ffffffff"},{"time":1,"color":"535353ff"},{"time":1.1667,"color":"53535300"}]},"body":{"color":[{"time":0.8333,"color":"ffffffff"},{"time":1,"color":"535353ff"},{"time":1.1667,"color":"53535300"}]},"body box":{"color":[{"time":0.8333,"color":"ffffffff"},{"time":1,"color":"535353ff"},{"time":1.1667,"color":"53535300"}]},"head box":{"color":[{"time":0.8333,"color":"ffffffff"},{"time":1,"color":"535353ff"},{"time":1.1667,"color":"53535300"}]},"wpn_bowl2":{"color":[{"color":"ffffff00"}]},"front_hand_weapon":{"color":[{"time":0.8333,"color":"ffffffff"},{"time":1,"color":"535353ff"},{"time":1.1667,"color":"53535300"}]},"front_eye":{"color":[{"time":0.8333,"color":"ffffffff"},{"time":1,"color":"535353ff"},{"time":1.1667,"color":"53535300"}]},"attack sprite":{"color":[{"time":0.8333,"color":"ffffffff"},{"time":1,"color":"535353ff"},{"time":1.1667,"color":"53535300"}]},"attack box":{"color":[{"time":0.8333,"color":"ffffffff"},{"time":1,"color":"535353ff"},{"time":1.1667,"color":"53535300"}]},"rear_arm":{"color":[{"time":0.8333,"color":"ffffffff"},{"time":1,"color":"535353ff"},{"time":1.1667,"color":"53535300"}]},"head":{"color":[{"time":0.8333,"color":"ffffffff"},{"time":1,"color":"535353ff"},{"time":1.1667,"color":"53535300"}]}},"bones":{"body":{"rotate":[{},{"time":0.4,"angle":21.91},{"time":0.6667,"angle":-5.55}]},"head":{"rotate":[{},{"time":0.1667,"angle":11.31},{"time":0.5}]},"heap":{"rotate":[{},{"time":0.5667,"angle":-94.32}],"translate":[{},{"time":0.4,"y":16.12}]},"front_leg":{"rotate":[{},{"time":0.4,"angle":48.24},{"time":0.5667,"angle":-42.14},{"time":0.7667,"angle":1.47}],"translate":[{},{"time":0.4,"x":-0.85,"y":12.16}]},"rear_leg":{"rotate":[{},{"time":0.4,"angle":-31.44},{"time":0.6667,"angle":-67.36},{"time":0.8333,"angle":3.72}],"translate":[{"time":0.6667},{"time":0.8333,"x":27.17,"y":2.05}]},"front_hand_IK":{"translate":[{},{"time":0.4,"x":10.78,"y":69.59},{"time":0.6,"x":48.2,"y":91.93},{"time":0.7,"x":31.2,"y":30.74},{"time":0.8333,"x":-19.8,"y":-27.72}]},"rear_hand_IK":{"translate":[{},{"time":0.4,"x":44.86,"y":48.1},{"time":0.6,"x":23.42,"y":66.01},{"time":0.7,"x":155.31,"y":24.12},{"time":0.8333,"x":214.33,"y":-31.32}]},"root":{"translate":[{"time":0.4},{"time":0.5667,"x":91.74},{"time":1.1667,"x":97.3,"y":-307.66}]},"dron":{"rotate":[{},{"time":0.3333,"angle":-28.1},{"time":1.1667,"angle":-2.69}],"translate":[{},{"time":0.3333,"x":140.43,"y":-45.02},{"time":0.6667,"x":194.39,"y":-82.54},{"time":1,"x":181.12,"y":-53.91},{"time":1.1667,"x":179.22,"y":-80.03}]}}},"hit":{"slots":{"front_shoulder":{"color":[{"color":"ff6b69ff"},{"time":0.2667,"color":"ffffffff"}]},"front_arm":{"color":[{"color":"ff6b69ff"},{"time":0.2667,"color":"ffffffff"}]},"head":{"color":[{"color":"ff6b69ff"},{"time":0.2667,"color":"ffffffff"}]},"rear_leg":{"color":[{"color":"ff6b69ff"},{"time":0.2667,"color":"ffffffff"}]},"front_leg":{"color":[{"color":"ff6b69ff"},{"time":0.2667,"color":"ffffffff"}]},"wpn_bowl2":{"color":[{"color":"ffffff00"}]},"rear_shoulder":{"color":[{"color":"ff6b69ff"},{"time":0.2667,"color":"ffffffff"}]},"rear_arm":{"color":[{"color":"ff6b69ff"},{"time":0.2667,"color":"ffffffff"}]},"body":{"color":[{"color":"ff6b69ff"},{"time":0.2667,"color":"ffffffff"}]}},"bones":{"front_leg":{"rotate":[{"angle":-5.02},{"time":0.3667,"angle":-45.24},{"time":0.7,"angle":-2.14}],"translate":[{"x":-17.66},{"time":0.7}]},"head":{"rotate":[{},{"time":0.0667,"angle":-20.44},{"time":0.7}],"translate":[{},{"time":0.0667,"x":17.88,"y":-7.25},{"time":0.7}]},"rear_leg":{"rotate":[{"angle":-11.41},{"time":0.3667,"angle":-52.76},{"time":0.7,"angle":-2.14}],"translate":[{"x":-18.73,"y":15.52},{"time":0.7}]},"body":{"rotate":[{"angle":-23.4,"curve":0.339,"c2":0.02,"c3":0.673,"c4":0.38},{"time":0.0667,"angle":-22.6,"curve":0.556,"c2":0.16},{"time":0.7}],"translate":[{"x":-4.28,"y":-2.14},{"time":0.7}]},"front_hand_IK":{"translate":[{"x":44.72,"y":72.62,"curve":0.342,"c2":0.02,"c3":0.677,"c4":0.38},{"time":0.7}]},"rear_hand_IK":{"translate":[{"x":98.96,"y":78.71,"curve":0.338,"c2":0.03,"c3":0.672,"c4":0.38},{"time":0.7}]},"heap":{"translate":[{"x":40.13,"y":1.07},{"time":0.7}]},"front_eye":{"translate":[{"x":6.61,"y":7.63},{"time":0.5667}],"scale":[{"x":1.446,"y":1.446},{"time":0.5667}]},"rear_eye":{"translate":[{"x":6.69,"y":3.74},{"time":0.5667}],"scale":[{"x":1.517,"y":1.517},{"time":0.5667}]},"dron":{"rotate":[{},{"time":0.1667,"angle":-29.5},{"time":0.3333,"angle":-25.82},{"time":0.5,"angle":-29.6},{"time":0.7}],"translate":[{"x":76.58,"y":1.08},{"time":0.1667,"x":176.72,"y":-17.87},{"time":0.3333,"x":110.93,"y":1.56},{"time":0.5,"x":76.47,"y":1.08},{"time":0.7}],"scale":[{},{"time":0.3333,"x":1.256,"y":1.256},{"time":0.7}]}}},"hit black":{"slots":{"front_shoulder":{"color":[{"color":"000000ff"},{"time":1.3333,"color":"ffffffff"}]},"front_arm":{"color":[{"color":"000000ff"},{"time":1.3333,"color":"ffffffff"}]},"head":{"color":[{"color":"000000ff"},{"time":1.3333,"color":"ffffffff"}]},"rear_leg":{"color":[{"color":"000000ff"},{"time":1.3333,"color":"ffffffff"}]},"front_leg":{"color":[{"color":"000000ff"},{"time":1.3333,"color":"ffffffff"}]},"wpn_bowl2":{"color":[{"color":"ffffff00"}]},"front_hand_weapon":{"color":[{"color":"000000ff"},{"time":1.3333,"color":"ffffffff"}]},"rear_shoulder":{"color":[{"color":"000000ff"},{"time":1.3333,"color":"ffffffff"}]},"rear_arm":{"color":[{"color":"000000ff"},{"time":1.3333,"color":"ffffffff"}]},"body":{"color":[{"color":"000000ff"},{"time":1.3333,"color":"ffffffff"}]}},"bones":{"front_leg":{"rotate":[{"angle":-6.58},{"time":0.6667,"angle":14.56},{"time":1.3333,"angle":-6.58}]},"front_shoulder":{"translate":[{},{"time":0.6667,"x":-6.41,"y":-0.35},{"time":1.3333}]},"head":{"rotate":[{"angle":17.95},{"time":0.1,"angle":4.32},{"time":0.6667,"angle":22.85},{"time":1.3333,"angle":17.95}],"translate":[{"x":17.42,"y":-0.46}]},"rear_leg":{"rotate":[{"angle":-6.15},{"time":0.6667,"angle":17.93},{"time":1.3333,"angle":-6.15}]},"rear_shoulder":{"translate":[{},{"time":0.6667,"x":-11.54,"y":5.26},{"time":1.3333}]},"body":{"rotate":[{},{"time":0.1,"angle":-7.79},{"time":0.4667,"angle":1.58},{"time":1.3333}],"translate":[{},{"time":0.4667,"x":-0.38,"y":-4.74},{"time":1.3333}]},"front_hand_IK":{"translate":[{"x":-31.81,"y":-11.55},{"time":0.6667,"x":-29.19,"y":-44.5},{"time":1.3333,"x":-31.81,"y":-11.55}]},"rear_hand_IK":{"translate":[{"x":-49.32,"y":-4.16},{"time":0.6667,"x":-60.69,"y":21.02},{"time":1.3333,"x":-49.32,"y":-4.16}]},"dron":{"translate":[{},{"time":0.1,"x":27.66,"y":0.39},{"time":0.6667,"x":5.37,"y":0.08},{"time":1.3333}]}}},"idle":{"slots":{"wpn_bowl2":{"color":[{"color":"ffffff00"}]}},"bones":{"body":{"rotate":[{},{"time":0.5,"angle":1.58},{"time":1}],"translate":[{},{"time":0.5,"x":-0.38,"y":-4.74},{"time":1}]},"head":{"rotate":[{"angle":14.18},{"time":0.5667,"angle":21.15},{"time":1,"angle":14.18}],"translate":[{"x":21.09,"y":1.78}]},"front_hand_IK":{"translate":[{"x":-31.81,"y":-11.55},{"time":0.5,"x":-29.19,"y":-44.5},{"time":1,"x":-31.81,"y":-11.55}]},"front_shoulder":{"translate":[{},{"time":0.5667,"x":-3.74,"y":-0.9},{"time":1}]},"rear_shoulder":{"translate":[{},{"time":0.5667,"x":-6.1,"y":2.88},{"time":1}]},"rear_hand_IK":{"translate":[{"x":-49.32,"y":-4.16},{"time":0.5,"x":-60.69,"y":21.02},{"time":1,"x":-49.32,"y":-4.16}]},"front_leg":{"rotate":[{"angle":-6.58},{"time":0.5,"angle":14.56},{"time":1,"angle":-6.58}]},"rear_leg":{"rotate":[{"angle":-6.15},{"time":0.5,"angle":17.93},{"time":1,"angle":-6.15}]},"dron":{"translate":[{},{"time":0.5,"x":-0.09,"y":6.28},{"time":1}],"scale":[{},{"time":0.5,"x":1.038,"y":1.038},{"time":1}]}}}}}